name,compiler,type,threads,input,dtlb_stores,branch_instructions,dtlb_loads,minor_faults,major_faults,dtlb_store_misses,mpxerrors,instructions,mpxbtnum,dtlb_load_misses,cycles,branch_misses,time
facesim,gcc,mpx_first_field,2,test,,,,,,,,,,,,,
streamcluster,gcc,mpx_first_field,2,test,,,,,,,,,,,,,
blackscholes,gcc,mpx_first_field,2,test,,,,,,,,,,,,,
canneal,gcc,mpx_first_field,2,test,,,,,,,,,,,,,
fluidanimate,gcc,mpx_first_field,2,test,,,,,,,,,,,,,
dedup,gcc,mpx_first_field,2,test,,,,,,,,,,,,,
raytrace,gcc,mpx_first_field,2,test,,,,,,,,,,,,,
vips,gcc,mpx_first_field,2,test,,,,,,,,,,,,,
swaptions,gcc,mpx_first_field,2,test,,,,,,,,,,,,,
x264,gcc,mpx_first_field,2,test,,,,,,,,,,,,,
bodytrack,gcc,mpx_first_field,2,test,,,,,,,,,,,,,
ferret,gcc,mpx_first_field,2,test,,,,,,,,,,,,,
facesim,icc,mpx,2,test,,,,,,,,,,,,,
streamcluster,icc,mpx,2,test,,,,,,,,,,,,,
blackscholes,icc,mpx,2,test,,,,,,,,,,,,,
canneal,icc,mpx,2,test,,,,,,,,,,,,,
fluidanimate,icc,mpx,2,test,,,,,,,,,,,,,
dedup,icc,mpx,2,test,,,,,,,,,,,,,
raytrace,icc,mpx,2,test,,,,,,,,,,,,,
vips,icc,mpx,2,test,,,,,,,,,,,,,
swaptions,icc,mpx,2,test,,,,,,,,,,,,,
x264,icc,mpx,2,test,,,,,,,,,,,,,
bodytrack,icc,mpx,2,test,,,,,,,,,,,,,
ferret,icc,mpx,2,test,,,,,,,,,,,,,
