name,compiler,type,threads,input,dtlb_store_misses,mpxbtnum,sgxtime,tput,instructions,branch_instructions,dtlb_stores,num_clients,cycles,branch_misses,major_faults,dtlb_load_misses,time,mpxerrors,lat,dtlb_loads,minor_faults,sgxmem
bin/memcached,gcc,native,1,32,,,,177149.0,,,,32,,,,,,,180.0,,,
bin/memcached,gcc,native,1,64,,,,260313.0,,,,64,,,,,,,245.0,,,
bin/memcached,gcc,native,1,128,,,,280494.0,,,,128,,,,,,,455.0,,,
bin/memcached,gcc,native,1,192,,,,281100.0,,,,192,,,,,,,682.0,,,
bin/memcached,gcc,native,1,256,,,,281423.0,,,,256,,,,,,,909.0,,,
bin/memcached,gcc,native,1,320,,,,281443.0,,,,320,,,,,,,1136.0,,,
bin/memcached,gcc,native,1,384,,,,281228.0,,,,384,,,,,,,1364.0,,,
bin/memcached,gcc,native,1,448,,,,281817.0,,,,448,,,,,,,1589.0,,,
bin/memcached,gcc,native,1,512,,,,281742.0,,,,512,,,,,,,1816.0,,,
bin/memcached,gcc,native,1,32,,,,178327.0,,,,32,,,,,,,178.0,,,
bin/memcached,gcc,native,1,64,,,,260710.0,,,,64,,,,,,,244.0,,,
bin/memcached,gcc,native,1,128,,,,280458.0,,,,128,,,,,,,455.0,,,
bin/memcached,gcc,native,1,192,,,,281163.0,,,,192,,,,,,,682.0,,,
bin/memcached,gcc,native,1,256,,,,281187.0,,,,256,,,,,,,909.0,,,
bin/memcached,gcc,native,1,320,,,,281564.0,,,,320,,,,,,,1135.0,,,
bin/memcached,gcc,native,1,384,,,,281563.0,,,,384,,,,,,,1363.0,,,
bin/memcached,gcc,native,1,448,,,,281786.0,,,,448,,,,,,,1589.0,,,
bin/memcached,gcc,native,1,512,,,,281445.0,,,,512,,,,,,,1818.0,,,
bin/memcached,gcc,native,1,32,,,,177119.0,,,,32,,,,,,,180.0,,,
bin/memcached,gcc,native,1,64,,,,260587.0,,,,64,,,,,,,245.0,,,
bin/memcached,gcc,native,1,128,,,,280507.0,,,,128,,,,,,,455.0,,,
bin/memcached,gcc,native,1,192,,,,281398.0,,,,192,,,,,,,681.0,,,
bin/memcached,gcc,native,1,256,,,,280994.0,,,,256,,,,,,,910.0,,,
bin/memcached,gcc,native,1,320,,,,281329.0,,,,320,,,,,,,1136.0,,,
bin/memcached,gcc,native,1,384,,,,281499.0,,,,384,,,,,,,1363.0,,,
bin/memcached,gcc,native,1,448,,,,281535.0,,,,448,,,,,,,1590.0,,,
bin/memcached,gcc,native,1,512,,,,281579.0,,,,512,,,,,,,1817.0,,,
bin/memcached,gcc,native,1,32,,,,176954.0,,,,32,,,,,,,180.0,,,
bin/memcached,gcc,native,1,64,,,,259863.0,,,,64,,,,,,,245.0,,,
bin/memcached,gcc,native,1,128,,,,280575.0,,,,128,,,,,,,455.0,,,
bin/memcached,gcc,native,1,192,,,,281218.0,,,,192,,,,,,,682.0,,,
bin/memcached,gcc,native,1,256,,,,281363.0,,,,256,,,,,,,909.0,,,
bin/memcached,gcc,native,1,320,,,,281342.0,,,,320,,,,,,,1136.0,,,
bin/memcached,gcc,native,1,384,,,,281538.0,,,,384,,,,,,,1363.0,,,
bin/memcached,gcc,native,1,448,,,,281720.0,,,,448,,,,,,,1589.0,,,
bin/memcached,gcc,native,1,512,,,,281411.0,,,,512,,,,,,,1818.0,,,
bin/memcached,gcc,native,1,32,,,,180173.0,,,,32,,,,,,,177.0,,,
bin/memcached,gcc,native,1,64,,,,260006.0,,,,64,,,,,,,245.0,,,
bin/memcached,gcc,native,1,128,,,,280192.0,,,,128,,,,,,,456.0,,,
bin/memcached,gcc,native,1,192,,,,281147.0,,,,192,,,,,,,682.0,,,
bin/memcached,gcc,native,1,256,,,,281245.0,,,,256,,,,,,,909.0,,,
bin/memcached,gcc,native,1,320,,,,281462.0,,,,320,,,,,,,1136.0,,,
bin/memcached,gcc,native,1,384,,,,281419.0,,,,384,,,,,,,1363.0,,,
bin/memcached,gcc,native,1,448,,,,281295.0,,,,448,,,,,,,1592.0,,,
bin/memcached,gcc,native,1,512,,,,281567.0,,,,512,,,,,,,1817.0,,,
bin/memcached,gcc,native,1,32,,,,177926.0,,,,32,,,,,,,179.0,,,
bin/memcached,gcc,native,1,64,,,,260584.0,,,,64,,,,,,,245.0,,,
bin/memcached,gcc,native,1,128,,,,280460.0,,,,128,,,,,,,455.0,,,
bin/memcached,gcc,native,1,192,,,,281135.0,,,,192,,,,,,,682.0,,,
bin/memcached,gcc,native,1,256,,,,281670.0,,,,256,,,,,,,908.0,,,
bin/memcached,gcc,native,1,320,,,,281569.0,,,,320,,,,,,,1135.0,,,
bin/memcached,gcc,native,1,384,,,,281530.0,,,,384,,,,,,,1363.0,,,
bin/memcached,gcc,native,1,448,,,,281721.0,,,,448,,,,,,,1589.0,,,
bin/memcached,gcc,native,1,512,,,,281251.0,,,,512,,,,,,,1820.0,,,
bin/memcached,gcc,native,1,32,,,,178216.0,,,,32,,,,,,,178.0,,,
bin/memcached,gcc,native,1,64,,,,260140.0,,,,64,,,,,,,245.0,,,
bin/memcached,gcc,native,1,128,,,,280056.0,,,,128,,,,,,,456.0,,,
bin/memcached,gcc,native,1,192,,,,281489.0,,,,192,,,,,,,681.0,,,
bin/memcached,gcc,native,1,256,,,,281321.0,,,,256,,,,,,,909.0,,,
bin/memcached,gcc,native,1,320,,,,281457.0,,,,320,,,,,,,1136.0,,,
bin/memcached,gcc,native,1,384,,,,281618.0,,,,384,,,,,,,1363.0,,,
bin/memcached,gcc,native,1,448,,,,281595.0,,,,448,,,,,,,1590.0,,,
bin/memcached,gcc,native,1,512,,,,281267.0,,,,512,,,,,,,1819.0,,,
bin/memcached,gcc,native,1,32,,,,176380.0,,,,32,,,,,,,180.0,,,
bin/memcached,gcc,native,1,64,,,,260487.0,,,,64,,,,,,,245.0,,,
bin/memcached,gcc,native,1,128,,,,280527.0,,,,128,,,,,,,455.0,,,
bin/memcached,gcc,native,1,192,,,,281025.0,,,,192,,,,,,,682.0,,,
bin/memcached,gcc,native,1,256,,,,281115.0,,,,256,,,,,,,910.0,,,
bin/memcached,gcc,native,1,320,,,,281499.0,,,,320,,,,,,,1136.0,,,
bin/memcached,gcc,native,1,384,,,,281485.0,,,,384,,,,,,,1363.0,,,
bin/memcached,gcc,native,1,448,,,,281538.0,,,,448,,,,,,,1590.0,,,
bin/memcached,gcc,native,1,512,,,,281418.0,,,,512,,,,,,,1818.0,,,
bin/memcached,gcc,native,1,32,,,,181550.0,,,,32,,,,,,,175.0,,,
bin/memcached,gcc,native,1,64,,,,260721.0,,,,64,,,,,,,244.0,,,
bin/memcached,gcc,native,1,128,,,,280096.0,,,,128,,,,,,,456.0,,,
bin/memcached,gcc,native,1,192,,,,280847.0,,,,192,,,,,,,683.0,,,
bin/memcached,gcc,native,1,256,,,,281608.0,,,,256,,,,,,,908.0,,,
bin/memcached,gcc,native,1,320,,,,281090.0,,,,320,,,,,,,1137.0,,,
bin/memcached,gcc,native,1,384,,,,281455.0,,,,384,,,,,,,1363.0,,,
bin/memcached,gcc,native,1,448,,,,281231.0,,,,448,,,,,,,1592.0,,,
bin/memcached,gcc,native,1,512,,,,281713.0,,,,512,,,,,,,1817.0,,,
bin/memcached,gcc,native,1,32,,,,177263.0,,,,32,,,,,,,179.0,,,
bin/memcached,gcc,native,1,64,,,,260607.0,,,,64,,,,,,,245.0,,,
bin/memcached,gcc,native,1,128,,,,280445.0,,,,128,,,,,,,455.0,,,
bin/memcached,gcc,native,1,192,,,,281057.0,,,,192,,,,,,,682.0,,,
bin/memcached,gcc,native,1,256,,,,281234.0,,,,256,,,,,,,909.0,,,
bin/memcached,gcc,native,1,320,,,,281326.0,,,,320,,,,,,,1136.0,,,
bin/memcached,gcc,native,1,384,,,,281500.0,,,,384,,,,,,,1363.0,,,
bin/memcached,gcc,native,1,448,,,,281534.0,,,,448,,,,,,,1590.0,,,
bin/memcached,gcc,native,1,512,,,,281362.0,,,,512,,,,,,,1819.0,,,
bin/memcached,icc,native,1,32,,,,178434.0,,,,32,,,,,,,178.0,,,
bin/memcached,icc,native,1,64,,,,260053.0,,,,64,,,,,,,245.0,,,
bin/memcached,icc,native,1,128,,,,280395.0,,,,128,,,,,,,455.0,,,
bin/memcached,icc,native,1,192,,,,280767.0,,,,192,,,,,,,683.0,,,
bin/memcached,icc,native,1,256,,,,280915.0,,,,256,,,,,,,910.0,,,
bin/memcached,icc,native,1,320,,,,281492.0,,,,320,,,,,,,1136.0,,,
bin/memcached,icc,native,1,384,,,,281346.0,,,,384,,,,,,,1364.0,,,
bin/memcached,icc,native,1,448,,,,281619.0,,,,448,,,,,,,1590.0,,,
bin/memcached,icc,native,1,512,,,,281619.0,,,,512,,,,,,,1817.0,,,
bin/memcached,icc,native,1,32,,,,178252.0,,,,32,,,,,,,178.0,,,
bin/memcached,icc,native,1,64,,,,259693.0,,,,64,,,,,,,245.0,,,
bin/memcached,icc,native,1,128,,,,280622.0,,,,128,,,,,,,455.0,,,
bin/memcached,icc,native,1,192,,,,281292.0,,,,192,,,,,,,682.0,,,
bin/memcached,icc,native,1,256,,,,281165.0,,,,256,,,,,,,909.0,,,
bin/memcached,icc,native,1,320,,,,281234.0,,,,320,,,,,,,1137.0,,,
bin/memcached,icc,native,1,384,,,,281488.0,,,,384,,,,,,,1363.0,,,
bin/memcached,icc,native,1,448,,,,281545.0,,,,448,,,,,,,1590.0,,,
bin/memcached,icc,native,1,512,,,,281787.0,,,,512,,,,,,,1816.0,,,
bin/memcached,icc,native,1,32,,,,176929.0,,,,32,,,,,,,180.0,,,
bin/memcached,icc,native,1,64,,,,260086.0,,,,64,,,,,,,245.0,,,
bin/memcached,icc,native,1,128,,,,280427.0,,,,128,,,,,,,455.0,,,
bin/memcached,icc,native,1,192,,,,281223.0,,,,192,,,,,,,682.0,,,
bin/memcached,icc,native,1,256,,,,281501.0,,,,256,,,,,,,908.0,,,
bin/memcached,icc,native,1,320,,,,280870.0,,,,320,,,,,,,1138.0,,,
bin/memcached,icc,native,1,384,,,,281564.0,,,,384,,,,,,,1363.0,,,
bin/memcached,icc,native,1,448,,,,281417.0,,,,448,,,,,,,1591.0,,,
bin/memcached,icc,native,1,512,,,,281596.0,,,,512,,,,,,,1817.0,,,
bin/memcached,icc,native,1,32,,,,177126.0,,,,32,,,,,,,180.0,,,
bin/memcached,icc,native,1,64,,,,259994.0,,,,64,,,,,,,245.0,,,
bin/memcached,icc,native,1,128,,,,280518.0,,,,128,,,,,,,455.0,,,
bin/memcached,icc,native,1,192,,,,280961.0,,,,192,,,,,,,682.0,,,
bin/memcached,icc,native,1,256,,,,281253.0,,,,256,,,,,,,909.0,,,
bin/memcached,icc,native,1,320,,,,281599.0,,,,320,,,,,,,1135.0,,,
bin/memcached,icc,native,1,384,,,,281447.0,,,,384,,,,,,,1363.0,,,
bin/memcached,icc,native,1,448,,,,281298.0,,,,448,,,,,,,1592.0,,,
bin/memcached,icc,native,1,512,,,,281684.0,,,,512,,,,,,,1817.0,,,
bin/memcached,icc,native,1,32,,,,177288.0,,,,32,,,,,,,179.0,,,
bin/memcached,icc,native,1,64,,,,259745.0,,,,64,,,,,,,245.0,,,
bin/memcached,icc,native,1,128,,,,280042.0,,,,128,,,,,,,456.0,,,
bin/memcached,icc,native,1,192,,,,281340.0,,,,192,,,,,,,681.0,,,
bin/memcached,icc,native,1,256,,,,281404.0,,,,256,,,,,,,909.0,,,
bin/memcached,icc,native,1,320,,,,281326.0,,,,320,,,,,,,1136.0,,,
bin/memcached,icc,native,1,384,,,,281345.0,,,,384,,,,,,,1364.0,,,
bin/memcached,icc,native,1,448,,,,280974.0,,,,448,,,,,,,1594.0,,,
bin/memcached,icc,native,1,512,,,,281567.0,,,,512,,,,,,,1817.0,,,
bin/memcached,icc,native,1,32,,,,175815.0,,,,32,,,,,,,181.0,,,
bin/memcached,icc,native,1,64,,,,259891.0,,,,64,,,,,,,245.0,,,
bin/memcached,icc,native,1,128,,,,280094.0,,,,128,,,,,,,456.0,,,
bin/memcached,icc,native,1,192,,,,281361.0,,,,192,,,,,,,681.0,,,
bin/memcached,icc,native,1,256,,,,281181.0,,,,256,,,,,,,909.0,,,
bin/memcached,icc,native,1,320,,,,281230.0,,,,320,,,,,,,1137.0,,,
bin/memcached,icc,native,1,384,,,,281531.0,,,,384,,,,,,,1363.0,,,
bin/memcached,icc,native,1,448,,,,281302.0,,,,448,,,,,,,1592.0,,,
bin/memcached,icc,native,1,512,,,,281507.0,,,,512,,,,,,,1818.0,,,
bin/memcached,icc,native,1,32,,,,175898.0,,,,32,,,,,,,181.0,,,
bin/memcached,icc,native,1,64,,,,259942.0,,,,64,,,,,,,245.0,,,
bin/memcached,icc,native,1,128,,,,280490.0,,,,128,,,,,,,455.0,,,
bin/memcached,icc,native,1,192,,,,281350.0,,,,192,,,,,,,681.0,,,
bin/memcached,icc,native,1,256,,,,281221.0,,,,256,,,,,,,909.0,,,
bin/memcached,icc,native,1,320,,,,281400.0,,,,320,,,,,,,1136.0,,,
bin/memcached,icc,native,1,384,,,,281476.0,,,,384,,,,,,,1363.0,,,
bin/memcached,icc,native,1,448,,,,281432.0,,,,448,,,,,,,1591.0,,,
bin/memcached,icc,native,1,512,,,,281763.0,,,,512,,,,,,,1816.0,,,
bin/memcached,icc,native,1,32,,,,177252.0,,,,32,,,,,,,179.0,,,
bin/memcached,icc,native,1,64,,,,260553.0,,,,64,,,,,,,245.0,,,
bin/memcached,icc,native,1,128,,,,280140.0,,,,128,,,,,,,456.0,,,
bin/memcached,icc,native,1,192,,,,280894.0,,,,192,,,,,,,682.0,,,
bin/memcached,icc,native,1,256,,,,281278.0,,,,256,,,,,,,909.0,,,
bin/memcached,icc,native,1,320,,,,281722.0,,,,320,,,,,,,1135.0,,,
bin/memcached,icc,native,1,384,,,,281535.0,,,,384,,,,,,,1363.0,,,
bin/memcached,icc,native,1,448,,,,281353.0,,,,448,,,,,,,1591.0,,,
bin/memcached,icc,native,1,512,,,,281646.0,,,,512,,,,,,,1817.0,,,
bin/memcached,icc,native,1,32,,,,176274.0,,,,32,,,,,,,180.0,,,
bin/memcached,icc,native,1,64,,,,259722.0,,,,64,,,,,,,245.0,,,
bin/memcached,icc,native,1,128,,,,280596.0,,,,128,,,,,,,455.0,,,
bin/memcached,icc,native,1,192,,,,281594.0,,,,192,,,,,,,681.0,,,
bin/memcached,icc,native,1,256,,,,281170.0,,,,256,,,,,,,909.0,,,
bin/memcached,icc,native,1,320,,,,281474.0,,,,320,,,,,,,1136.0,,,
bin/memcached,icc,native,1,384,,,,281444.0,,,,384,,,,,,,1363.0,,,
bin/memcached,icc,native,1,448,,,,281445.0,,,,448,,,,,,,1591.0,,,
bin/memcached,icc,native,1,512,,,,281661.0,,,,512,,,,,,,1817.0,,,
bin/memcached,icc,native,1,32,,,,174018.0,,,,32,,,,,,,183.0,,,
bin/memcached,icc,native,1,64,,,,259446.0,,,,64,,,,,,,246.0,,,
bin/memcached,icc,native,1,128,,,,280027.0,,,,128,,,,,,,456.0,,,
bin/memcached,icc,native,1,192,,,,281215.0,,,,192,,,,,,,682.0,,,
bin/memcached,icc,native,1,256,,,,281403.0,,,,256,,,,,,,909.0,,,
bin/memcached,icc,native,1,320,,,,281313.0,,,,320,,,,,,,1136.0,,,
bin/memcached,icc,native,1,384,,,,281764.0,,,,384,,,,,,,1362.0,,,
bin/memcached,icc,native,1,448,,,,281574.0,,,,448,,,,,,,1590.0,,,
bin/memcached,icc,native,1,512,,,,281359.0,,,,512,,,,,,,1819.0,,,
bin/memcached,clang,native,1,32,,,,176146.0,,,,32,,,,,,,181.0,,,
bin/memcached,clang,native,1,64,,,,259998.0,,,,64,,,,,,,245.0,,,
bin/memcached,clang,native,1,128,,,,280524.0,,,,128,,,,,,,455.0,,,
bin/memcached,clang,native,1,192,,,,281140.0,,,,192,,,,,,,682.0,,,
bin/memcached,clang,native,1,256,,,,281003.0,,,,256,,,,,,,910.0,,,
bin/memcached,clang,native,1,320,,,,281268.0,,,,320,,,,,,,1137.0,,,
bin/memcached,clang,native,1,384,,,,281552.0,,,,384,,,,,,,1363.0,,,
bin/memcached,clang,native,1,448,,,,281394.0,,,,448,,,,,,,1591.0,,,
bin/memcached,clang,native,1,512,,,,281579.0,,,,512,,,,,,,1817.0,,,
bin/memcached,clang,native,1,32,,,,177156.0,,,,32,,,,,,,180.0,,,
bin/memcached,clang,native,1,64,,,,260071.0,,,,64,,,,,,,245.0,,,
bin/memcached,clang,native,1,128,,,,280461.0,,,,128,,,,,,,455.0,,,
bin/memcached,clang,native,1,192,,,,281143.0,,,,192,,,,,,,682.0,,,
bin/memcached,clang,native,1,256,,,,280513.0,,,,256,,,,,,,912.0,,,
bin/memcached,clang,native,1,320,,,,281385.0,,,,320,,,,,,,1136.0,,,
bin/memcached,clang,native,1,384,,,,281522.0,,,,384,,,,,,,1363.0,,,
bin/memcached,clang,native,1,448,,,,281536.0,,,,448,,,,,,,1590.0,,,
bin/memcached,clang,native,1,512,,,,281968.0,,,,512,,,,,,,1815.0,,,
bin/memcached,clang,native,1,32,,,,177509.0,,,,32,,,,,,,179.0,,,
bin/memcached,clang,native,1,64,,,,259503.0,,,,64,,,,,,,246.0,,,
bin/memcached,clang,native,1,128,,,,280306.0,,,,128,,,,,,,456.0,,,
bin/memcached,clang,native,1,192,,,,281392.0,,,,192,,,,,,,681.0,,,
bin/memcached,clang,native,1,256,,,,281198.0,,,,256,,,,,,,909.0,,,
bin/memcached,clang,native,1,320,,,,281235.0,,,,320,,,,,,,1137.0,,,
bin/memcached,clang,native,1,384,,,,281522.0,,,,384,,,,,,,1363.0,,,
bin/memcached,clang,native,1,448,,,,281705.0,,,,448,,,,,,,1589.0,,,
bin/memcached,clang,native,1,512,,,,281358.0,,,,512,,,,,,,1819.0,,,
bin/memcached,clang,native,1,32,,,,177460.0,,,,32,,,,,,,179.0,,,
bin/memcached,clang,native,1,64,,,,260218.0,,,,64,,,,,,,245.0,,,
bin/memcached,clang,native,1,128,,,,280338.0,,,,128,,,,,,,456.0,,,
bin/memcached,clang,native,1,192,,,,281087.0,,,,192,,,,,,,682.0,,,
bin/memcached,clang,native,1,256,,,,281319.0,,,,256,,,,,,,909.0,,,
bin/memcached,clang,native,1,320,,,,281556.0,,,,320,,,,,,,1136.0,,,
bin/memcached,clang,native,1,384,,,,281661.0,,,,384,,,,,,,1362.0,,,
bin/memcached,clang,native,1,448,,,,281418.0,,,,448,,,,,,,1591.0,,,
bin/memcached,clang,native,1,512,,,,281466.0,,,,512,,,,,,,1818.0,,,
bin/memcached,clang,native,1,32,,,,176360.0,,,,32,,,,,,,180.0,,,
bin/memcached,clang,native,1,64,,,,260223.0,,,,64,,,,,,,245.0,,,
bin/memcached,clang,native,1,128,,,,280574.0,,,,128,,,,,,,455.0,,,
bin/memcached,clang,native,1,192,,,,280952.0,,,,192,,,,,,,682.0,,,
bin/memcached,clang,native,1,256,,,,281286.0,,,,256,,,,,,,909.0,,,
bin/memcached,clang,native,1,320,,,,281380.0,,,,320,,,,,,,1136.0,,,
bin/memcached,clang,native,1,384,,,,281259.0,,,,384,,,,,,,1364.0,,,
bin/memcached,clang,native,1,448,,,,281864.0,,,,448,,,,,,,1588.0,,,
bin/memcached,clang,native,1,512,,,,281500.0,,,,512,,,,,,,1818.0,,,
bin/memcached,clang,native,1,32,,,,176481.0,,,,32,,,,,,,180.0,,,
bin/memcached,clang,native,1,64,,,,259919.0,,,,64,,,,,,,245.0,,,
bin/memcached,clang,native,1,128,,,,280525.0,,,,128,,,,,,,455.0,,,
bin/memcached,clang,native,1,192,,,,281212.0,,,,192,,,,,,,682.0,,,
bin/memcached,clang,native,1,256,,,,281216.0,,,,256,,,,,,,909.0,,,
bin/memcached,clang,native,1,320,,,,281274.0,,,,320,,,,,,,1137.0,,,
bin/memcached,clang,native,1,384,,,,281080.0,,,,384,,,,,,,1365.0,,,
bin/memcached,clang,native,1,448,,,,281663.0,,,,448,,,,,,,1590.0,,,
bin/memcached,clang,native,1,512,,,,281426.0,,,,512,,,,,,,1818.0,,,
bin/memcached,clang,native,1,32,,,,176230.0,,,,32,,,,,,,181.0,,,
bin/memcached,clang,native,1,64,,,,260043.0,,,,64,,,,,,,245.0,,,
bin/memcached,clang,native,1,128,,,,280476.0,,,,128,,,,,,,455.0,,,
bin/memcached,clang,native,1,192,,,,280664.0,,,,192,,,,,,,683.0,,,
bin/memcached,clang,native,1,256,,,,281288.0,,,,256,,,,,,,909.0,,,
bin/memcached,clang,native,1,320,,,,281501.0,,,,320,,,,,,,1136.0,,,
bin/memcached,clang,native,1,384,,,,281701.0,,,,384,,,,,,,1362.0,,,
bin/memcached,clang,native,1,448,,,,281588.0,,,,448,,,,,,,1590.0,,,
bin/memcached,clang,native,1,512,,,,281403.0,,,,512,,,,,,,1819.0,,,
bin/memcached,clang,native,1,32,,,,174991.0,,,,32,,,,,,,182.0,,,
bin/memcached,clang,native,1,64,,,,260054.0,,,,64,,,,,,,245.0,,,
bin/memcached,clang,native,1,128,,,,280290.0,,,,128,,,,,,,456.0,,,
bin/memcached,clang,native,1,192,,,,281199.0,,,,192,,,,,,,682.0,,,
bin/memcached,clang,native,1,256,,,,281208.0,,,,256,,,,,,,909.0,,,
bin/memcached,clang,native,1,320,,,,281452.0,,,,320,,,,,,,1136.0,,,
bin/memcached,clang,native,1,384,,,,281267.0,,,,384,,,,,,,1364.0,,,
bin/memcached,clang,native,1,448,,,,281460.0,,,,448,,,,,,,1591.0,,,
bin/memcached,clang,native,1,512,,,,281373.0,,,,512,,,,,,,1819.0,,,
bin/memcached,clang,native,1,32,,,,177750.0,,,,32,,,,,,,179.0,,,
bin/memcached,clang,native,1,64,,,,260056.0,,,,64,,,,,,,245.0,,,
bin/memcached,clang,native,1,128,,,,280382.0,,,,128,,,,,,,455.0,,,
bin/memcached,clang,native,1,192,,,,281132.0,,,,192,,,,,,,682.0,,,
bin/memcached,clang,native,1,256,,,,281252.0,,,,256,,,,,,,909.0,,,
bin/memcached,clang,native,1,320,,,,281449.0,,,,320,,,,,,,1136.0,,,
bin/memcached,clang,native,1,384,,,,281542.0,,,,384,,,,,,,1363.0,,,
bin/memcached,clang,native,1,448,,,,281424.0,,,,448,,,,,,,1591.0,,,
bin/memcached,clang,native,1,512,,,,281570.0,,,,512,,,,,,,1817.0,,,
bin/memcached,clang,native,1,32,,,,174619.0,,,,32,,,,,,,182.0,,,
bin/memcached,clang,native,1,64,,,,258974.0,,,,64,,,,,,,246.0,,,
bin/memcached,clang,native,1,128,,,,280283.0,,,,128,,,,,,,456.0,,,
bin/memcached,clang,native,1,192,,,,281325.0,,,,192,,,,,,,681.0,,,
bin/memcached,clang,native,1,256,,,,281500.0,,,,256,,,,,,,908.0,,,
bin/memcached,clang,native,1,320,,,,281235.0,,,,320,,,,,,,1137.0,,,
bin/memcached,clang,native,1,384,,,,281781.0,,,,384,,,,,,,1362.0,,,
bin/memcached,clang,native,1,448,,,,281418.0,,,,448,,,,,,,1591.0,,,
bin/memcached,clang,native,1,512,,,,281427.0,,,,512,,,,,,,1818.0,,,
bin/memcached,gcc,mpx_no_narrow_bounds,1,32,,,,101864.0,,,,32,,,,,,,313.0,,,
bin/memcached,gcc,mpx_no_narrow_bounds,1,64,,,,125678.0,,,,64,,,,,,,508.0,,,
bin/memcached,gcc,mpx_no_narrow_bounds,1,128,,,,122182.0,,,,128,,,,,,,1047.0,,,
bin/memcached,gcc,mpx_no_narrow_bounds,1,192,,,,131241.0,,,,192,,,,,,,1462.0,,,
bin/memcached,gcc,mpx_no_narrow_bounds,1,256,,,,128127.0,,,,256,,,,,,,1997.0,,,
bin/memcached,gcc,mpx_no_narrow_bounds,1,320,,,,118455.0,,,,320,,,,,,,2701.0,,,
bin/memcached,gcc,mpx_no_narrow_bounds,1,384,,,,133505.0,,,,384,,,,,,,2876.0,,,
bin/memcached,gcc,mpx_no_narrow_bounds,1,448,,,,131429.0,,,,448,,,,,,,3409.0,,,
bin/memcached,gcc,mpx_no_narrow_bounds,1,512,,,,164241.0,,,,512,,,,,,,3117.0,,,
bin/memcached,gcc,mpx_no_narrow_bounds,1,32,,,,106371.0,,,,32,,,,,,,300.0,,,
bin/memcached,gcc,mpx_no_narrow_bounds,1,64,,,,123313.0,,,,64,,,,,,,518.0,,,
bin/memcached,gcc,mpx_no_narrow_bounds,1,128,,,,160935.0,,,,128,,,,,,,794.0,,,
bin/memcached,gcc,mpx_no_narrow_bounds,1,192,,,,122589.0,,,,192,,,,,,,1565.0,,,
bin/memcached,gcc,mpx_no_narrow_bounds,1,256,,,,127417.0,,,,256,,,,,,,2008.0,,,
bin/memcached,gcc,mpx_no_narrow_bounds,1,320,,,,155958.0,,,,320,,,,,,,2051.0,,,
bin/memcached,gcc,mpx_no_narrow_bounds,1,384,,,,133400.0,,,,384,,,,,,,2878.0,,,
bin/memcached,gcc,mpx_no_narrow_bounds,1,448,,,,131287.0,,,,448,,,,,,,3412.0,,,
bin/memcached,gcc,mpx_no_narrow_bounds,1,512,,,,161591.0,,,,512,,,,,,,3168.0,,,
bin/memcached,gcc,mpx_no_narrow_bounds,1,32,,,,107396.0,,,,32,,,,,,,297.0,,,
bin/memcached,gcc,mpx_no_narrow_bounds,1,64,,,,122776.0,,,,64,,,,,,,520.0,,,
bin/memcached,gcc,mpx_no_narrow_bounds,1,128,,,,142734.0,,,,128,,,,,,,896.0,,,
bin/memcached,gcc,mpx_no_narrow_bounds,1,192,,,,123858.0,,,,192,,,,,,,1549.0,,,
bin/memcached,gcc,mpx_no_narrow_bounds,1,256,,,,148590.0,,,,256,,,,,,,1722.0,,,
bin/memcached,gcc,mpx_no_narrow_bounds,1,320,,,,130215.0,,,,320,,,,,,,2457.0,,,
bin/memcached,gcc,mpx_no_narrow_bounds,1,384,,,,124124.0,,,,384,,,,,,,3093.0,,,
bin/memcached,gcc,mpx_no_narrow_bounds,1,448,,,,161063.0,,,,448,,,,,,,2781.0,,,
bin/memcached,gcc,mpx_no_narrow_bounds,1,512,,,,129382.0,,,,512,,,,,,,3958.0,,,
bin/memcached,gcc,mpx_no_narrow_bounds,1,32,,,,99638.0,,,,32,,,,,,,320.0,,,
bin/memcached,gcc,mpx_no_narrow_bounds,1,64,,,,129676.0,,,,64,,,,,,,493.0,,,
bin/memcached,gcc,mpx_no_narrow_bounds,1,128,,,,128096.0,,,,128,,,,,,,998.0,,,
bin/memcached,gcc,mpx_no_narrow_bounds,1,192,,,,122374.0,,,,192,,,,,,,1568.0,,,
bin/memcached,gcc,mpx_no_narrow_bounds,1,256,,,,126939.0,,,,256,,,,,,,2016.0,,,
bin/memcached,gcc,mpx_no_narrow_bounds,1,320,,,,130516.0,,,,320,,,,,,,2451.0,,,
bin/memcached,gcc,mpx_no_narrow_bounds,1,384,,,,131579.0,,,,384,,,,,,,2918.0,,,
bin/memcached,gcc,mpx_no_narrow_bounds,1,448,,,,127954.0,,,,448,,,,,,,3501.0,,,
bin/memcached,gcc,mpx_no_narrow_bounds,1,512,,,,143534.0,,,,512,,,,,,,3567.0,,,
bin/memcached,gcc,mpx_no_narrow_bounds,1,32,,,,114490.0,,,,32,,,,,,,278.0,,,
bin/memcached,gcc,mpx_no_narrow_bounds,1,64,,,,127464.0,,,,64,,,,,,,501.0,,,
bin/memcached,gcc,mpx_no_narrow_bounds,1,128,,,,123285.0,,,,128,,,,,,,1037.0,,,
bin/memcached,gcc,mpx_no_narrow_bounds,1,192,,,,122728.0,,,,192,,,,,,,1564.0,,,
bin/memcached,gcc,mpx_no_narrow_bounds,1,256,,,,122317.0,,,,256,,,,,,,2092.0,,,
bin/memcached,gcc,mpx_no_narrow_bounds,1,320,,,,128908.0,,,,320,,,,,,,2482.0,,,
bin/memcached,gcc,mpx_no_narrow_bounds,1,384,,,,154136.0,,,,384,,,,,,,2491.0,,,
bin/memcached,gcc,mpx_no_narrow_bounds,1,448,,,,135777.0,,,,448,,,,,,,3299.0,,,
bin/memcached,gcc,mpx_no_narrow_bounds,1,512,,,,127091.0,,,,512,,,,,,,4029.0,,,
bin/memcached,gcc,mpx_no_narrow_bounds,1,32,,,,126897.0,,,,32,,,,,,,251.0,,,
bin/memcached,gcc,mpx_no_narrow_bounds,1,64,,,,120408.0,,,,64,,,,,,,530.0,,,
bin/memcached,gcc,mpx_no_narrow_bounds,1,128,,,,120933.0,,,,128,,,,,,,1057.0,,,
bin/memcached,gcc,mpx_no_narrow_bounds,1,192,,,,136984.0,,,,192,,,,,,,1401.0,,,
bin/memcached,gcc,mpx_no_narrow_bounds,1,256,,,,129429.0,,,,256,,,,,,,1977.0,,,
bin/memcached,gcc,mpx_no_narrow_bounds,1,320,,,,145375.0,,,,320,,,,,,,2201.0,,,
bin/memcached,gcc,mpx_no_narrow_bounds,1,384,,,,128788.0,,,,384,,,,,,,2981.0,,,
bin/memcached,gcc,mpx_no_narrow_bounds,1,448,,,,136148.0,,,,448,,,,,,,3290.0,,,
bin/memcached,gcc,mpx_no_narrow_bounds,1,512,,,,155949.0,,,,512,,,,,,,3283.0,,,
bin/memcached,gcc,mpx_no_narrow_bounds,1,32,,,,107807.0,,,,32,,,,,,,296.0,,,
bin/memcached,gcc,mpx_no_narrow_bounds,1,64,,,,121620.0,,,,64,,,,,,,525.0,,,
bin/memcached,gcc,mpx_no_narrow_bounds,1,128,,,,155843.0,,,,128,,,,,,,820.0,,,
bin/memcached,gcc,mpx_no_narrow_bounds,1,192,,,,129644.0,,,,192,,,,,,,1480.0,,,
bin/memcached,gcc,mpx_no_narrow_bounds,1,256,,,,120449.0,,,,256,,,,,,,2125.0,,,
bin/memcached,gcc,mpx_no_narrow_bounds,1,320,,,,157624.0,,,,320,,,,,,,2029.0,,,
bin/memcached,gcc,mpx_no_narrow_bounds,1,384,,,,127334.0,,,,384,,,,,,,3015.0,,,
bin/memcached,gcc,mpx_no_narrow_bounds,1,448,,,,125808.0,,,,448,,,,,,,3561.0,,,
bin/memcached,gcc,mpx_no_narrow_bounds,1,512,,,,169315.0,,,,512,,,,,,,3024.0,,,
bin/memcached,gcc,mpx_no_narrow_bounds,1,32,,,,102517.0,,,,32,,,,,,,311.0,,,
bin/memcached,gcc,mpx_no_narrow_bounds,1,64,,,,127909.0,,,,64,,,,,,,499.0,,,
bin/memcached,gcc,mpx_no_narrow_bounds,1,128,,,,158235.0,,,,128,,,,,,,808.0,,,
bin/memcached,gcc,mpx_no_narrow_bounds,1,192,,,,123123.0,,,,192,,,,,,,1559.0,,,
bin/memcached,gcc,mpx_no_narrow_bounds,1,256,,,,125115.0,,,,256,,,,,,,2045.0,,,
bin/memcached,gcc,mpx_no_narrow_bounds,1,320,,,,128739.0,,,,320,,,,,,,2485.0,,,
bin/memcached,gcc,mpx_no_narrow_bounds,1,384,,,,127120.0,,,,384,,,,,,,3020.0,,,
bin/memcached,gcc,mpx_no_narrow_bounds,1,448,,,,128021.0,,,,448,,,,,,,3499.0,,,
bin/memcached,gcc,mpx_no_narrow_bounds,1,512,,,,134978.0,,,,512,,,,,,,3793.0,,,
bin/memcached,gcc,mpx_no_narrow_bounds,1,32,,,,99814.0,,,,32,,,,,,,320.0,,,
bin/memcached,gcc,mpx_no_narrow_bounds,1,64,,,,128908.0,,,,64,,,,,,,495.0,,,
bin/memcached,gcc,mpx_no_narrow_bounds,1,128,,,,123410.0,,,,128,,,,,,,1036.0,,,
bin/memcached,gcc,mpx_no_narrow_bounds,1,192,,,,126208.0,,,,192,,,,,,,1520.0,,,
bin/memcached,gcc,mpx_no_narrow_bounds,1,256,,,,127947.0,,,,256,,,,,,,2000.0,,,
bin/memcached,gcc,mpx_no_narrow_bounds,1,320,,,,129570.0,,,,320,,,,,,,2469.0,,,
bin/memcached,gcc,mpx_no_narrow_bounds,1,384,,,,137738.0,,,,384,,,,,,,2787.0,,,
bin/memcached,gcc,mpx_no_narrow_bounds,1,448,,,,154580.0,,,,448,,,,,,,2898.0,,,
bin/memcached,gcc,mpx_no_narrow_bounds,1,512,,,,134891.0,,,,512,,,,,,,3796.0,,,
bin/memcached,gcc,mpx_no_narrow_bounds,1,32,,,,104714.0,,,,32,,,,,,,305.0,,,
bin/memcached,gcc,mpx_no_narrow_bounds,1,64,,,,151509.0,,,,64,,,,,,,421.0,,,
bin/memcached,gcc,mpx_no_narrow_bounds,1,128,,,,126419.0,,,,128,,,,,,,1012.0,,,
bin/memcached,gcc,mpx_no_narrow_bounds,1,192,,,,126155.0,,,,192,,,,,,,1521.0,,,
bin/memcached,gcc,mpx_no_narrow_bounds,1,256,,,,156741.0,,,,256,,,,,,,1632.0,,,
bin/memcached,gcc,mpx_no_narrow_bounds,1,320,,,,135254.0,,,,320,,,,,,,2365.0,,,
bin/memcached,gcc,mpx_no_narrow_bounds,1,384,,,,138371.0,,,,384,,,,,,,2775.0,,,
bin/memcached,gcc,mpx_no_narrow_bounds,1,448,,,,136137.0,,,,448,,,,,,,3291.0,,,
bin/memcached,gcc,mpx_no_narrow_bounds,1,512,,,,129262.0,,,,512,,,,,,,3961.0,,,
bin/memcached,gcc,mpx_no_narrow_bounds_only_write,1,32,,,,105595.0,,,,32,,,,,,,302.0,,,
bin/memcached,gcc,mpx_no_narrow_bounds_only_write,1,64,,,,128111.0,,,,64,,,,,,,499.0,,,
bin/memcached,gcc,mpx_no_narrow_bounds_only_write,1,128,,,,133287.0,,,,128,,,,,,,959.0,,,
bin/memcached,gcc,mpx_no_narrow_bounds_only_write,1,192,,,,131733.0,,,,192,,,,,,,1457.0,,,
bin/memcached,gcc,mpx_no_narrow_bounds_only_write,1,256,,,,157399.0,,,,256,,,,,,,1626.0,,,
bin/memcached,gcc,mpx_no_narrow_bounds_only_write,1,320,,,,134005.0,,,,320,,,,,,,2387.0,,,
bin/memcached,gcc,mpx_no_narrow_bounds_only_write,1,384,,,,130249.0,,,,384,,,,,,,2948.0,,,
bin/memcached,gcc,mpx_no_narrow_bounds_only_write,1,448,,,,152386.0,,,,448,,,,,,,2940.0,,,
bin/memcached,gcc,mpx_no_narrow_bounds_only_write,1,512,,,,131880.0,,,,512,,,,,,,3883.0,,,
bin/memcached,gcc,mpx_no_narrow_bounds_only_write,1,32,,,,99378.0,,,,32,,,,,,,321.0,,,
bin/memcached,gcc,mpx_no_narrow_bounds_only_write,1,64,,,,148395.0,,,,64,,,,,,,430.0,,,
bin/memcached,gcc,mpx_no_narrow_bounds_only_write,1,128,,,,135199.0,,,,128,,,,,,,946.0,,,
bin/memcached,gcc,mpx_no_narrow_bounds_only_write,1,192,,,,128919.0,,,,192,,,,,,,1488.0,,,
bin/memcached,gcc,mpx_no_narrow_bounds_only_write,1,256,,,,126472.0,,,,256,,,,,,,2023.0,,,
bin/memcached,gcc,mpx_no_narrow_bounds_only_write,1,320,,,,126172.0,,,,320,,,,,,,2536.0,,,
bin/memcached,gcc,mpx_no_narrow_bounds_only_write,1,384,,,,131584.0,,,,384,,,,,,,2918.0,,,
bin/memcached,gcc,mpx_no_narrow_bounds_only_write,1,448,,,,133316.0,,,,448,,,,,,,3360.0,,,
bin/memcached,gcc,mpx_no_narrow_bounds_only_write,1,512,,,,135903.0,,,,512,,,,,,,3768.0,,,
bin/memcached,gcc,mpx_no_narrow_bounds_only_write,1,32,,,,102667.0,,,,32,,,,,,,311.0,,,
bin/memcached,gcc,mpx_no_narrow_bounds_only_write,1,64,,,,122457.0,,,,64,,,,,,,522.0,,,
bin/memcached,gcc,mpx_no_narrow_bounds_only_write,1,128,,,,121434.0,,,,128,,,,,,,1053.0,,,
bin/memcached,gcc,mpx_no_narrow_bounds_only_write,1,192,,,,131700.0,,,,192,,,,,,,1457.0,,,
bin/memcached,gcc,mpx_no_narrow_bounds_only_write,1,256,,,,126346.0,,,,256,,,,,,,2025.0,,,
bin/memcached,gcc,mpx_no_narrow_bounds_only_write,1,320,,,,135948.0,,,,320,,,,,,,2353.0,,,
bin/memcached,gcc,mpx_no_narrow_bounds_only_write,1,384,,,,149996.0,,,,384,,,,,,,2560.0,,,
bin/memcached,gcc,mpx_no_narrow_bounds_only_write,1,448,,,,138903.0,,,,448,,,,,,,3225.0,,,
bin/memcached,gcc,mpx_no_narrow_bounds_only_write,1,512,,,,146311.0,,,,512,,,,,,,3499.0,,,
bin/memcached,gcc,mpx_no_narrow_bounds_only_write,1,32,,,,120958.0,,,,32,,,,,,,263.0,,,
bin/memcached,gcc,mpx_no_narrow_bounds_only_write,1,64,,,,129348.0,,,,64,,,,,,,494.0,,,
bin/memcached,gcc,mpx_no_narrow_bounds_only_write,1,128,,,,128695.0,,,,128,,,,,,,994.0,,,
bin/memcached,gcc,mpx_no_narrow_bounds_only_write,1,192,,,,132529.0,,,,192,,,,,,,1448.0,,,
bin/memcached,gcc,mpx_no_narrow_bounds_only_write,1,256,,,,126876.0,,,,256,,,,,,,2017.0,,,
bin/memcached,gcc,mpx_no_narrow_bounds_only_write,1,320,,,,151596.0,,,,320,,,,,,,2110.0,,,
bin/memcached,gcc,mpx_no_narrow_bounds_only_write,1,384,,,,131803.0,,,,384,,,,,,,2913.0,,,
bin/memcached,gcc,mpx_no_narrow_bounds_only_write,1,448,,,,128606.0,,,,448,,,,,,,3483.0,,,
bin/memcached,gcc,mpx_no_narrow_bounds_only_write,1,512,,,,156698.0,,,,512,,,,,,,3267.0,,,
bin/memcached,gcc,mpx_no_narrow_bounds_only_write,1,32,,,,108231.0,,,,32,,,,,,,295.0,,,
bin/memcached,gcc,mpx_no_narrow_bounds_only_write,1,64,,,,130277.0,,,,64,,,,,,,490.0,,,
bin/memcached,gcc,mpx_no_narrow_bounds_only_write,1,128,,,,158708.0,,,,128,,,,,,,805.0,,,
bin/memcached,gcc,mpx_no_narrow_bounds_only_write,1,192,,,,132246.0,,,,192,,,,,,,1451.0,,,
bin/memcached,gcc,mpx_no_narrow_bounds_only_write,1,256,,,,134717.0,,,,256,,,,,,,1900.0,,,
bin/memcached,gcc,mpx_no_narrow_bounds_only_write,1,320,,,,156235.0,,,,320,,,,,,,2047.0,,,
bin/memcached,gcc,mpx_no_narrow_bounds_only_write,1,384,,,,127492.0,,,,384,,,,,,,3012.0,,,
bin/memcached,gcc,mpx_no_narrow_bounds_only_write,1,448,,,,135792.0,,,,448,,,,,,,3299.0,,,
bin/memcached,gcc,mpx_no_narrow_bounds_only_write,1,512,,,,158042.0,,,,512,,,,,,,3239.0,,,
bin/memcached,gcc,mpx_no_narrow_bounds_only_write,1,32,,,,101647.0,,,,32,,,,,,,314.0,,,
bin/memcached,gcc,mpx_no_narrow_bounds_only_write,1,64,,,,126718.0,,,,64,,,,,,,504.0,,,
bin/memcached,gcc,mpx_no_narrow_bounds_only_write,1,128,,,,156342.0,,,,128,,,,,,,818.0,,,
bin/memcached,gcc,mpx_no_narrow_bounds_only_write,1,192,,,,125251.0,,,,192,,,,,,,1532.0,,,
bin/memcached,gcc,mpx_no_narrow_bounds_only_write,1,256,,,,130961.0,,,,256,,,,,,,1954.0,,,
bin/memcached,gcc,mpx_no_narrow_bounds_only_write,1,320,,,,130059.0,,,,320,,,,,,,2460.0,,,
bin/memcached,gcc,mpx_no_narrow_bounds_only_write,1,384,,,,132086.0,,,,384,,,,,,,2907.0,,,
bin/memcached,gcc,mpx_no_narrow_bounds_only_write,1,448,,,,136316.0,,,,448,,,,,,,3286.0,,,
bin/memcached,gcc,mpx_no_narrow_bounds_only_write,1,512,,,,135739.0,,,,512,,,,,,,3772.0,,,
bin/memcached,gcc,mpx_no_narrow_bounds_only_write,1,32,,,,102894.0,,,,32,,,,,,,310.0,,,
bin/memcached,gcc,mpx_no_narrow_bounds_only_write,1,64,,,,131376.0,,,,64,,,,,,,486.0,,,
bin/memcached,gcc,mpx_no_narrow_bounds_only_write,1,128,,,,131528.0,,,,128,,,,,,,972.0,,,
bin/memcached,gcc,mpx_no_narrow_bounds_only_write,1,192,,,,137886.0,,,,192,,,,,,,1392.0,,,
bin/memcached,gcc,mpx_no_narrow_bounds_only_write,1,256,,,,130617.0,,,,256,,,,,,,1959.0,,,
bin/memcached,gcc,mpx_no_narrow_bounds_only_write,1,320,,,,129866.0,,,,320,,,,,,,2464.0,,,
bin/memcached,gcc,mpx_no_narrow_bounds_only_write,1,384,,,,131893.0,,,,384,,,,,,,2911.0,,,
bin/memcached,gcc,mpx_no_narrow_bounds_only_write,1,448,,,,164637.0,,,,448,,,,,,,2721.0,,,
bin/memcached,gcc,mpx_no_narrow_bounds_only_write,1,512,,,,130898.0,,,,512,,,,,,,3912.0,,,
bin/memcached,gcc,mpx_no_narrow_bounds_only_write,1,32,,,,101242.0,,,,32,,,,,,,315.0,,,
bin/memcached,gcc,mpx_no_narrow_bounds_only_write,1,64,,,,155600.0,,,,64,,,,,,,410.0,,,
bin/memcached,gcc,mpx_no_narrow_bounds_only_write,1,128,,,,121466.0,,,,128,,,,,,,1053.0,,,
bin/memcached,gcc,mpx_no_narrow_bounds_only_write,1,192,,,,125765.0,,,,192,,,,,,,1526.0,,,
bin/memcached,gcc,mpx_no_narrow_bounds_only_write,1,256,,,,137062.0,,,,256,,,,,,,1867.0,,,
bin/memcached,gcc,mpx_no_narrow_bounds_only_write,1,320,,,,127555.0,,,,320,,,,,,,2508.0,,,
bin/memcached,gcc,mpx_no_narrow_bounds_only_write,1,384,,,,153939.0,,,,384,,,,,,,2494.0,,,
bin/memcached,gcc,mpx_no_narrow_bounds_only_write,1,448,,,,132698.0,,,,448,,,,,,,3376.0,,,
bin/memcached,gcc,mpx_no_narrow_bounds_only_write,1,512,,,,135400.0,,,,512,,,,,,,3782.0,,,
bin/memcached,gcc,mpx_no_narrow_bounds_only_write,1,32,,,,113645.0,,,,32,,,,,,,281.0,,,
bin/memcached,gcc,mpx_no_narrow_bounds_only_write,1,64,,,,129654.0,,,,64,,,,,,,493.0,,,
bin/memcached,gcc,mpx_no_narrow_bounds_only_write,1,128,,,,123630.0,,,,128,,,,,,,1034.0,,,
bin/memcached,gcc,mpx_no_narrow_bounds_only_write,1,192,,,,154441.0,,,,192,,,,,,,1242.0,,,
bin/memcached,gcc,mpx_no_narrow_bounds_only_write,1,256,,,,131735.0,,,,256,,,,,,,1943.0,,,
bin/memcached,gcc,mpx_no_narrow_bounds_only_write,1,320,,,,130687.0,,,,320,,,,,,,2448.0,,,
bin/memcached,gcc,mpx_no_narrow_bounds_only_write,1,384,,,,153563.0,,,,384,,,,,,,2500.0,,,
bin/memcached,gcc,mpx_no_narrow_bounds_only_write,1,448,,,,138184.0,,,,448,,,,,,,3242.0,,,
bin/memcached,gcc,mpx_no_narrow_bounds_only_write,1,512,,,,135376.0,,,,512,,,,,,,3782.0,,,
bin/memcached,gcc,mpx_no_narrow_bounds_only_write,1,32,,,,115922.0,,,,32,,,,,,,275.0,,,
bin/memcached,gcc,mpx_no_narrow_bounds_only_write,1,64,,,,127963.0,,,,64,,,,,,,499.0,,,
bin/memcached,gcc,mpx_no_narrow_bounds_only_write,1,128,,,,124682.0,,,,128,,,,,,,1026.0,,,
bin/memcached,gcc,mpx_no_narrow_bounds_only_write,1,192,,,,150033.0,,,,192,,,,,,,1279.0,,,
bin/memcached,gcc,mpx_no_narrow_bounds_only_write,1,256,,,,126656.0,,,,256,,,,,,,2021.0,,,
bin/memcached,gcc,mpx_no_narrow_bounds_only_write,1,320,,,,124596.0,,,,320,,,,,,,2568.0,,,
bin/memcached,gcc,mpx_no_narrow_bounds_only_write,1,384,,,,156345.0,,,,384,,,,,,,2456.0,,,
bin/memcached,gcc,mpx_no_narrow_bounds_only_write,1,448,,,,125744.0,,,,448,,,,,,,3563.0,,,
bin/memcached,gcc,mpx_no_narrow_bounds_only_write,1,512,,,,140555.0,,,,512,,,,,,,3643.0,,,
bin/memcached,icc,mpx_no_narrow_bounds,1,32,,,,120307.0,,,,32,,,,,,,265.0,,,
bin/memcached,icc,mpx_no_narrow_bounds,1,64,,,,123442.0,,,,64,,,,,,,517.0,,,
bin/memcached,icc,mpx_no_narrow_bounds,1,128,,,,129891.0,,,,128,,,,,,,984.0,,,
bin/memcached,icc,mpx_no_narrow_bounds,1,192,,,,161018.0,,,,192,,,,,,,1191.0,,,
bin/memcached,icc,mpx_no_narrow_bounds,1,256,,,,130495.0,,,,256,,,,,,,1961.0,,,
bin/memcached,icc,mpx_no_narrow_bounds,1,320,,,,136002.0,,,,320,,,,,,,2352.0,,,
bin/memcached,icc,mpx_no_narrow_bounds,1,384,,,,135284.0,,,,384,,,,,,,2838.0,,,
bin/memcached,icc,mpx_no_narrow_bounds,1,448,,,,129919.0,,,,448,,,,,,,3448.0,,,
bin/memcached,icc,mpx_no_narrow_bounds,1,512,,,,137556.0,,,,512,,,,,,,3722.0,,,
bin/memcached,icc,mpx_no_narrow_bounds,1,32,,,,105702.0,,,,32,,,,,,,302.0,,,
bin/memcached,icc,mpx_no_narrow_bounds,1,64,,,,122535.0,,,,64,,,,,,,521.0,,,
bin/memcached,icc,mpx_no_narrow_bounds,1,128,,,,127457.0,,,,128,,,,,,,1003.0,,,
bin/memcached,icc,mpx_no_narrow_bounds,1,192,,,,133726.0,,,,192,,,,,,,1435.0,,,
bin/memcached,icc,mpx_no_narrow_bounds,1,256,,,,124888.0,,,,256,,,,,,,2049.0,,,
bin/memcached,icc,mpx_no_narrow_bounds,1,320,,,,128130.0,,,,320,,,,,,,2497.0,,,
bin/memcached,icc,mpx_no_narrow_bounds,1,384,,,,133213.0,,,,384,,,,,,,2882.0,,,
bin/memcached,icc,mpx_no_narrow_bounds,1,448,,,,128233.0,,,,448,,,,,,,3494.0,,,
bin/memcached,icc,mpx_no_narrow_bounds,1,512,,,,158308.0,,,,512,,,,,,,3234.0,,,
bin/memcached,icc,mpx_no_narrow_bounds,1,32,,,,101904.0,,,,32,,,,,,,313.0,,,
bin/memcached,icc,mpx_no_narrow_bounds,1,64,,,,123962.0,,,,64,,,,,,,515.0,,,
bin/memcached,icc,mpx_no_narrow_bounds,1,128,,,,160375.0,,,,128,,,,,,,797.0,,,
bin/memcached,icc,mpx_no_narrow_bounds,1,192,,,,130491.0,,,,192,,,,,,,1470.0,,,
bin/memcached,icc,mpx_no_narrow_bounds,1,256,,,,128561.0,,,,256,,,,,,,1991.0,,,
bin/memcached,icc,mpx_no_narrow_bounds,1,320,,,,155549.0,,,,320,,,,,,,2056.0,,,
bin/memcached,icc,mpx_no_narrow_bounds,1,384,,,,130168.0,,,,384,,,,,,,2950.0,,,
bin/memcached,icc,mpx_no_narrow_bounds,1,448,,,,141512.0,,,,448,,,,,,,3166.0,,,
bin/memcached,icc,mpx_no_narrow_bounds,1,512,,,,128781.0,,,,512,,,,,,,3976.0,,,
bin/memcached,icc,mpx_no_narrow_bounds,1,32,,,,94466.0,,,,32,,,,,,,338.0,,,
bin/memcached,icc,mpx_no_narrow_bounds,1,64,,,,151743.0,,,,64,,,,,,,421.0,,,
bin/memcached,icc,mpx_no_narrow_bounds,1,128,,,,130350.0,,,,128,,,,,,,981.0,,,
bin/memcached,icc,mpx_no_narrow_bounds,1,192,,,,127793.0,,,,192,,,,,,,1502.0,,,
bin/memcached,icc,mpx_no_narrow_bounds,1,256,,,,153243.0,,,,256,,,,,,,1670.0,,,
bin/memcached,icc,mpx_no_narrow_bounds,1,320,,,,129614.0,,,,320,,,,,,,2468.0,,,
bin/memcached,icc,mpx_no_narrow_bounds,1,384,,,,133247.0,,,,384,,,,,,,2881.0,,,
bin/memcached,icc,mpx_no_narrow_bounds,1,448,,,,159181.0,,,,448,,,,,,,2814.0,,,
bin/memcached,icc,mpx_no_narrow_bounds,1,512,,,,133050.0,,,,512,,,,,,,3848.0,,,
bin/memcached,icc,mpx_no_narrow_bounds,1,32,,,,99940.0,,,,32,,,,,,,319.0,,,
bin/memcached,icc,mpx_no_narrow_bounds,1,64,,,,158627.0,,,,64,,,,,,,402.0,,,
bin/memcached,icc,mpx_no_narrow_bounds,1,128,,,,127879.0,,,,128,,,,,,,1000.0,,,
bin/memcached,icc,mpx_no_narrow_bounds,1,192,,,,143086.0,,,,192,,,,,,,1341.0,,,
bin/memcached,icc,mpx_no_narrow_bounds,1,256,,,,163231.0,,,,256,,,,,,,1567.0,,,
bin/memcached,icc,mpx_no_narrow_bounds,1,320,,,,129293.0,,,,320,,,,,,,2474.0,,,
bin/memcached,icc,mpx_no_narrow_bounds,1,384,,,,132089.0,,,,384,,,,,,,2907.0,,,
bin/memcached,icc,mpx_no_narrow_bounds,1,448,,,,154033.0,,,,448,,,,,,,2908.0,,,
bin/memcached,icc,mpx_no_narrow_bounds,1,512,,,,131082.0,,,,512,,,,,,,3906.0,,,
bin/memcached,icc,mpx_no_narrow_bounds,1,32,,,,100684.0,,,,32,,,,,,,317.0,,,
bin/memcached,icc,mpx_no_narrow_bounds,1,64,,,,151609.0,,,,64,,,,,,,421.0,,,
bin/memcached,icc,mpx_no_narrow_bounds,1,128,,,,128094.0,,,,128,,,,,,,998.0,,,
bin/memcached,icc,mpx_no_narrow_bounds,1,192,,,,131854.0,,,,192,,,,,,,1455.0,,,
bin/memcached,icc,mpx_no_narrow_bounds,1,256,,,,155012.0,,,,256,,,,,,,1651.0,,,
bin/memcached,icc,mpx_no_narrow_bounds,1,320,,,,130754.0,,,,320,,,,,,,2447.0,,,
bin/memcached,icc,mpx_no_narrow_bounds,1,384,,,,139584.0,,,,384,,,,,,,2751.0,,,
bin/memcached,icc,mpx_no_narrow_bounds,1,448,,,,127989.0,,,,448,,,,,,,3500.0,,,
bin/memcached,icc,mpx_no_narrow_bounds,1,512,,,,140190.0,,,,512,,,,,,,3652.0,,,
bin/memcached,icc,mpx_no_narrow_bounds,1,32,,,,109066.0,,,,32,,,,,,,292.0,,,
bin/memcached,icc,mpx_no_narrow_bounds,1,64,,,,124112.0,,,,64,,,,,,,515.0,,,
bin/memcached,icc,mpx_no_narrow_bounds,1,128,,,,130483.0,,,,128,,,,,,,980.0,,,
bin/memcached,icc,mpx_no_narrow_bounds,1,192,,,,130736.0,,,,192,,,,,,,1468.0,,,
bin/memcached,icc,mpx_no_narrow_bounds,1,256,,,,125926.0,,,,256,,,,,,,2032.0,,,
bin/memcached,icc,mpx_no_narrow_bounds,1,320,,,,129801.0,,,,320,,,,,,,2465.0,,,
bin/memcached,icc,mpx_no_narrow_bounds,1,384,,,,129863.0,,,,384,,,,,,,2957.0,,,
bin/memcached,icc,mpx_no_narrow_bounds,1,448,,,,133110.0,,,,448,,,,,,,3366.0,,,
bin/memcached,icc,mpx_no_narrow_bounds,1,512,,,,130373.0,,,,512,,,,,,,3927.0,,,
bin/memcached,icc,mpx_no_narrow_bounds,1,32,,,,114679.0,,,,32,,,,,,,278.0,,,
bin/memcached,icc,mpx_no_narrow_bounds,1,64,,,,126210.0,,,,64,,,,,,,506.0,,,
bin/memcached,icc,mpx_no_narrow_bounds,1,128,,,,126071.0,,,,128,,,,,,,1014.0,,,
bin/memcached,icc,mpx_no_narrow_bounds,1,192,,,,149604.0,,,,192,,,,,,,1282.0,,,
bin/memcached,icc,mpx_no_narrow_bounds,1,256,,,,127302.0,,,,256,,,,,,,2010.0,,,
bin/memcached,icc,mpx_no_narrow_bounds,1,320,,,,133106.0,,,,320,,,,,,,2404.0,,,
bin/memcached,icc,mpx_no_narrow_bounds,1,384,,,,127151.0,,,,384,,,,,,,3020.0,,,
bin/memcached,icc,mpx_no_narrow_bounds,1,448,,,,135749.0,,,,448,,,,,,,3300.0,,,
bin/memcached,icc,mpx_no_narrow_bounds,1,512,,,,158274.0,,,,512,,,,,,,3235.0,,,
bin/memcached,icc,mpx_no_narrow_bounds,1,32,,,,101333.0,,,,32,,,,,,,315.0,,,
bin/memcached,icc,mpx_no_narrow_bounds,1,64,,,,124804.0,,,,64,,,,,,,512.0,,,
bin/memcached,icc,mpx_no_narrow_bounds,1,128,,,,155315.0,,,,128,,,,,,,823.0,,,
bin/memcached,icc,mpx_no_narrow_bounds,1,192,,,,133252.0,,,,192,,,,,,,1440.0,,,
bin/memcached,icc,mpx_no_narrow_bounds,1,256,,,,135345.0,,,,256,,,,,,,1891.0,,,
bin/memcached,icc,mpx_no_narrow_bounds,1,320,,,,166769.0,,,,320,,,,,,,1918.0,,,
bin/memcached,icc,mpx_no_narrow_bounds,1,384,,,,131148.0,,,,384,,,,,,,2928.0,,,
bin/memcached,icc,mpx_no_narrow_bounds,1,448,,,,139366.0,,,,448,,,,,,,3214.0,,,
bin/memcached,icc,mpx_no_narrow_bounds,1,512,,,,165224.0,,,,512,,,,,,,3098.0,,,
bin/memcached,icc,mpx_no_narrow_bounds,1,32,,,,101081.0,,,,32,,,,,,,316.0,,,
bin/memcached,icc,mpx_no_narrow_bounds,1,64,,,,126085.0,,,,64,,,,,,,507.0,,,
bin/memcached,icc,mpx_no_narrow_bounds,1,128,,,,131242.0,,,,128,,,,,,,974.0,,,
bin/memcached,icc,mpx_no_narrow_bounds,1,192,,,,133640.0,,,,192,,,,,,,1436.0,,,
bin/memcached,icc,mpx_no_narrow_bounds,1,256,,,,122480.0,,,,256,,,,,,,2089.0,,,
bin/memcached,icc,mpx_no_narrow_bounds,1,320,,,,156622.0,,,,320,,,,,,,2042.0,,,
bin/memcached,icc,mpx_no_narrow_bounds,1,384,,,,135436.0,,,,384,,,,,,,2835.0,,,
bin/memcached,icc,mpx_no_narrow_bounds,1,448,,,,144860.0,,,,448,,,,,,,3092.0,,,
bin/memcached,icc,mpx_no_narrow_bounds,1,512,,,,136823.0,,,,512,,,,,,,3742.0,,,
bin/memcached,icc,mpx_no_narrow_bounds_only_write,1,32,,,,105243.0,,,,32,,,,,,,303.0,,,
bin/memcached,icc,mpx_no_narrow_bounds_only_write,1,64,,,,124596.0,,,,64,,,,,,,513.0,,,
bin/memcached,icc,mpx_no_narrow_bounds_only_write,1,128,,,,127368.0,,,,128,,,,,,,1004.0,,,
bin/memcached,icc,mpx_no_narrow_bounds_only_write,1,192,,,,133266.0,,,,192,,,,,,,1440.0,,,
bin/memcached,icc,mpx_no_narrow_bounds_only_write,1,256,,,,127572.0,,,,256,,,,,,,2006.0,,,
bin/memcached,icc,mpx_no_narrow_bounds_only_write,1,320,,,,134653.0,,,,320,,,,,,,2376.0,,,
bin/memcached,icc,mpx_no_narrow_bounds_only_write,1,384,,,,134625.0,,,,384,,,,,,,2852.0,,,
bin/memcached,icc,mpx_no_narrow_bounds_only_write,1,448,,,,133152.0,,,,448,,,,,,,3364.0,,,
bin/memcached,icc,mpx_no_narrow_bounds_only_write,1,512,,,,132518.0,,,,512,,,,,,,3864.0,,,
bin/memcached,icc,mpx_no_narrow_bounds_only_write,1,32,,,,119740.0,,,,32,,,,,,,266.0,,,
bin/memcached,icc,mpx_no_narrow_bounds_only_write,1,64,,,,134655.0,,,,64,,,,,,,474.0,,,
bin/memcached,icc,mpx_no_narrow_bounds_only_write,1,128,,,,130422.0,,,,128,,,,,,,980.0,,,
bin/memcached,icc,mpx_no_narrow_bounds_only_write,1,192,,,,154541.0,,,,192,,,,,,,1241.0,,,
bin/memcached,icc,mpx_no_narrow_bounds_only_write,1,256,,,,130910.0,,,,256,,,,,,,1955.0,,,
bin/memcached,icc,mpx_no_narrow_bounds_only_write,1,320,,,,133183.0,,,,320,,,,,,,2402.0,,,
bin/memcached,icc,mpx_no_narrow_bounds_only_write,1,384,,,,167160.0,,,,384,,,,,,,2297.0,,,
bin/memcached,icc,mpx_no_narrow_bounds_only_write,1,448,,,,136942.0,,,,448,,,,,,,3271.0,,,
bin/memcached,icc,mpx_no_narrow_bounds_only_write,1,512,,,,132801.0,,,,512,,,,,,,3856.0,,,
bin/memcached,icc,mpx_no_narrow_bounds_only_write,1,32,,,,112471.0,,,,32,,,,,,,283.0,,,
bin/memcached,icc,mpx_no_narrow_bounds_only_write,1,64,,,,124193.0,,,,64,,,,,,,514.0,,,
bin/memcached,icc,mpx_no_narrow_bounds_only_write,1,128,,,,124997.0,,,,128,,,,,,,1023.0,,,
bin/memcached,icc,mpx_no_narrow_bounds_only_write,1,192,,,,156431.0,,,,192,,,,,,,1226.0,,,
bin/memcached,icc,mpx_no_narrow_bounds_only_write,1,256,,,,117921.0,,,,256,,,,,,,2170.0,,,
bin/memcached,icc,mpx_no_narrow_bounds_only_write,1,320,,,,134894.0,,,,320,,,,,,,2372.0,,,
bin/memcached,icc,mpx_no_narrow_bounds_only_write,1,384,,,,131880.0,,,,384,,,,,,,2911.0,,,
bin/memcached,icc,mpx_no_narrow_bounds_only_write,1,448,,,,132144.0,,,,448,,,,,,,3390.0,,,
bin/memcached,icc,mpx_no_narrow_bounds_only_write,1,512,,,,151927.0,,,,512,,,,,,,3370.0,,,
bin/memcached,icc,mpx_no_narrow_bounds_only_write,1,32,,,,114916.0,,,,32,,,,,,,277.0,,,
bin/memcached,icc,mpx_no_narrow_bounds_only_write,1,64,,,,126964.0,,,,64,,,,,,,503.0,,,
bin/memcached,icc,mpx_no_narrow_bounds_only_write,1,128,,,,130802.0,,,,128,,,,,,,978.0,,,
bin/memcached,icc,mpx_no_narrow_bounds_only_write,1,192,,,,152385.0,,,,192,,,,,,,1259.0,,,
bin/memcached,icc,mpx_no_narrow_bounds_only_write,1,256,,,,130711.0,,,,256,,,,,,,1958.0,,,
bin/memcached,icc,mpx_no_narrow_bounds_only_write,1,320,,,,132004.0,,,,320,,,,,,,2424.0,,,
bin/memcached,icc,mpx_no_narrow_bounds_only_write,1,384,,,,134094.0,,,,384,,,,,,,2863.0,,,
bin/memcached,icc,mpx_no_narrow_bounds_only_write,1,448,,,,135636.0,,,,448,,,,,,,3303.0,,,
bin/memcached,icc,mpx_no_narrow_bounds_only_write,1,512,,,,137046.0,,,,512,,,,,,,3736.0,,,
bin/memcached,icc,mpx_no_narrow_bounds_only_write,1,32,,,,101975.0,,,,32,,,,,,,313.0,,,
bin/memcached,icc,mpx_no_narrow_bounds_only_write,1,64,,,,128084.0,,,,64,,,,,,,499.0,,,
bin/memcached,icc,mpx_no_narrow_bounds_only_write,1,128,,,,126172.0,,,,128,,,,,,,1014.0,,,
bin/memcached,icc,mpx_no_narrow_bounds_only_write,1,192,,,,132825.0,,,,192,,,,,,,1445.0,,,
bin/memcached,icc,mpx_no_narrow_bounds_only_write,1,256,,,,134394.0,,,,256,,,,,,,1904.0,,,
bin/memcached,icc,mpx_no_narrow_bounds_only_write,1,320,,,,127135.0,,,,320,,,,,,,2516.0,,,
bin/memcached,icc,mpx_no_narrow_bounds_only_write,1,384,,,,128818.0,,,,384,,,,,,,2981.0,,,
bin/memcached,icc,mpx_no_narrow_bounds_only_write,1,448,,,,137511.0,,,,448,,,,,,,3258.0,,,
bin/memcached,icc,mpx_no_narrow_bounds_only_write,1,512,,,,159734.0,,,,512,,,,,,,3205.0,,,
bin/memcached,icc,mpx_no_narrow_bounds_only_write,1,32,,,,104624.0,,,,32,,,,,,,305.0,,,
bin/memcached,icc,mpx_no_narrow_bounds_only_write,1,64,,,,119665.0,,,,64,,,,,,,534.0,,,
bin/memcached,icc,mpx_no_narrow_bounds_only_write,1,128,,,,153213.0,,,,128,,,,,,,834.0,,,
bin/memcached,icc,mpx_no_narrow_bounds_only_write,1,192,,,,130342.0,,,,192,,,,,,,1472.0,,,
bin/memcached,icc,mpx_no_narrow_bounds_only_write,1,256,,,,124751.0,,,,256,,,,,,,2051.0,,,
bin/memcached,icc,mpx_no_narrow_bounds_only_write,1,320,,,,119785.0,,,,320,,,,,,,2671.0,,,
bin/memcached,icc,mpx_no_narrow_bounds_only_write,1,384,,,,135387.0,,,,384,,,,,,,2836.0,,,
bin/memcached,icc,mpx_no_narrow_bounds_only_write,1,448,,,,161781.0,,,,448,,,,,,,2769.0,,,
bin/memcached,icc,mpx_no_narrow_bounds_only_write,1,512,,,,134933.0,,,,512,,,,,,,3795.0,,,
bin/memcached,icc,mpx_no_narrow_bounds_only_write,1,32,,,,105115.0,,,,32,,,,,,,303.0,,,
bin/memcached,icc,mpx_no_narrow_bounds_only_write,1,64,,,,147594.0,,,,64,,,,,,,433.0,,,
bin/memcached,icc,mpx_no_narrow_bounds_only_write,1,128,,,,129984.0,,,,128,,,,,,,984.0,,,
bin/memcached,icc,mpx_no_narrow_bounds_only_write,1,192,,,,129027.0,,,,192,,,,,,,1487.0,,,
bin/memcached,icc,mpx_no_narrow_bounds_only_write,1,256,,,,152311.0,,,,256,,,,,,,1680.0,,,
bin/memcached,icc,mpx_no_narrow_bounds_only_write,1,320,,,,134445.0,,,,320,,,,,,,2380.0,,,
bin/memcached,icc,mpx_no_narrow_bounds_only_write,1,384,,,,131543.0,,,,384,,,,,,,2919.0,,,
bin/memcached,icc,mpx_no_narrow_bounds_only_write,1,448,,,,164961.0,,,,448,,,,,,,2715.0,,,
bin/memcached,icc,mpx_no_narrow_bounds_only_write,1,512,,,,133076.0,,,,512,,,,,,,3848.0,,,
bin/memcached,icc,mpx_no_narrow_bounds_only_write,1,32,,,,103982.0,,,,32,,,,,,,307.0,,,
bin/memcached,icc,mpx_no_narrow_bounds_only_write,1,64,,,,155537.0,,,,64,,,,,,,410.0,,,
bin/memcached,icc,mpx_no_narrow_bounds_only_write,1,128,,,,130508.0,,,,128,,,,,,,980.0,,,
bin/memcached,icc,mpx_no_narrow_bounds_only_write,1,192,,,,123271.0,,,,192,,,,,,,1557.0,,,
bin/memcached,icc,mpx_no_narrow_bounds_only_write,1,256,,,,160496.0,,,,256,,,,,,,1594.0,,,
bin/memcached,icc,mpx_no_narrow_bounds_only_write,1,320,,,,125705.0,,,,320,,,,,,,2545.0,,,
bin/memcached,icc,mpx_no_narrow_bounds_only_write,1,384,,,,127159.0,,,,384,,,,,,,3020.0,,,
bin/memcached,icc,mpx_no_narrow_bounds_only_write,1,448,,,,133114.0,,,,448,,,,,,,3365.0,,,
bin/memcached,icc,mpx_no_narrow_bounds_only_write,1,512,,,,131018.0,,,,512,,,,,,,3908.0,,,
bin/memcached,icc,mpx_no_narrow_bounds_only_write,1,32,,,,101178.0,,,,32,,,,,,,315.0,,,
bin/memcached,icc,mpx_no_narrow_bounds_only_write,1,64,,,,125147.0,,,,64,,,,,,,510.0,,,
bin/memcached,icc,mpx_no_narrow_bounds_only_write,1,128,,,,129628.0,,,,128,,,,,,,986.0,,,
bin/memcached,icc,mpx_no_narrow_bounds_only_write,1,192,,,,132999.0,,,,192,,,,,,,1443.0,,,
bin/memcached,icc,mpx_no_narrow_bounds_only_write,1,256,,,,131110.0,,,,256,,,,,,,1952.0,,,
bin/memcached,icc,mpx_no_narrow_bounds_only_write,1,320,,,,132310.0,,,,320,,,,,,,2418.0,,,
bin/memcached,icc,mpx_no_narrow_bounds_only_write,1,384,,,,134759.0,,,,384,,,,,,,2849.0,,,
bin/memcached,icc,mpx_no_narrow_bounds_only_write,1,448,,,,138105.0,,,,448,,,,,,,3244.0,,,
bin/memcached,icc,mpx_no_narrow_bounds_only_write,1,512,,,,131140.0,,,,512,,,,,,,3904.0,,,
bin/memcached,icc,mpx_no_narrow_bounds_only_write,1,32,,,,119872.0,,,,32,,,,,,,266.0,,,
bin/memcached,icc,mpx_no_narrow_bounds_only_write,1,64,,,,127185.0,,,,64,,,,,,,502.0,,,
bin/memcached,icc,mpx_no_narrow_bounds_only_write,1,128,,,,127095.0,,,,128,,,,,,,1006.0,,,
bin/memcached,icc,mpx_no_narrow_bounds_only_write,1,192,,,,159429.0,,,,192,,,,,,,1203.0,,,
bin/memcached,icc,mpx_no_narrow_bounds_only_write,1,256,,,,130230.0,,,,256,,,,,,,1965.0,,,
bin/memcached,icc,mpx_no_narrow_bounds_only_write,1,320,,,,128409.0,,,,320,,,,,,,2491.0,,,
bin/memcached,icc,mpx_no_narrow_bounds_only_write,1,384,,,,134068.0,,,,384,,,,,,,2864.0,,,
bin/memcached,icc,mpx_no_narrow_bounds_only_write,1,448,,,,135706.0,,,,448,,,,,,,3301.0,,,
bin/memcached,icc,mpx_no_narrow_bounds_only_write,1,512,,,,161357.0,,,,512,,,,,,,3173.0,,,
bin/memcached,gcc,asan,1,32,,,,176527.0,,,,32,,,,,,,180.0,,,
bin/memcached,gcc,asan,1,64,,,,259298.0,,,,64,,,,,,,246.0,,,
bin/memcached,gcc,asan,1,128,,,,280184.0,,,,128,,,,,,,456.0,,,
bin/memcached,gcc,asan,1,192,,,,280765.0,,,,192,,,,,,,683.0,,,
bin/memcached,gcc,asan,1,256,,,,281657.0,,,,256,,,,,,,908.0,,,
bin/memcached,gcc,asan,1,320,,,,281149.0,,,,320,,,,,,,1137.0,,,
bin/memcached,gcc,asan,1,384,,,,281132.0,,,,384,,,,,,,1365.0,,,
bin/memcached,gcc,asan,1,448,,,,281443.0,,,,448,,,,,,,1591.0,,,
bin/memcached,gcc,asan,1,512,,,,281672.0,,,,512,,,,,,,1817.0,,,
bin/memcached,gcc,asan,1,32,,,,174652.0,,,,32,,,,,,,182.0,,,
bin/memcached,gcc,asan,1,64,,,,259209.0,,,,64,,,,,,,246.0,,,
bin/memcached,gcc,asan,1,128,,,,280035.0,,,,128,,,,,,,456.0,,,
bin/memcached,gcc,asan,1,192,,,,280867.0,,,,192,,,,,,,683.0,,,
bin/memcached,gcc,asan,1,256,,,,281511.0,,,,256,,,,,,,908.0,,,
bin/memcached,gcc,asan,1,320,,,,281560.0,,,,320,,,,,,,1135.0,,,
bin/memcached,gcc,asan,1,384,,,,281327.0,,,,384,,,,,,,1364.0,,,
bin/memcached,gcc,asan,1,448,,,,281644.0,,,,448,,,,,,,1590.0,,,
bin/memcached,gcc,asan,1,512,,,,281344.0,,,,512,,,,,,,1819.0,,,
bin/memcached,gcc,asan,1,32,,,,175936.0,,,,32,,,,,,,181.0,,,
bin/memcached,gcc,asan,1,64,,,,259149.0,,,,64,,,,,,,246.0,,,
bin/memcached,gcc,asan,1,128,,,,279884.0,,,,128,,,,,,,456.0,,,
bin/memcached,gcc,asan,1,192,,,,280503.0,,,,192,,,,,,,683.0,,,
bin/memcached,gcc,asan,1,256,,,,281020.0,,,,256,,,,,,,910.0,,,
bin/memcached,gcc,asan,1,320,,,,281185.0,,,,320,,,,,,,1137.0,,,
bin/memcached,gcc,asan,1,384,,,,281320.0,,,,384,,,,,,,1364.0,,,
bin/memcached,gcc,asan,1,448,,,,281469.0,,,,448,,,,,,,1591.0,,,
bin/memcached,gcc,asan,1,512,,,,281877.0,,,,512,,,,,,,1815.0,,,
bin/memcached,gcc,asan,1,32,,,,175097.0,,,,32,,,,,,,182.0,,,
bin/memcached,gcc,asan,1,64,,,,259226.0,,,,64,,,,,,,246.0,,,
bin/memcached,gcc,asan,1,128,,,,280104.0,,,,128,,,,,,,456.0,,,
bin/memcached,gcc,asan,1,192,,,,281294.0,,,,192,,,,,,,681.0,,,
bin/memcached,gcc,asan,1,256,,,,281362.0,,,,256,,,,,,,909.0,,,
bin/memcached,gcc,asan,1,320,,,,281147.0,,,,320,,,,,,,1137.0,,,
bin/memcached,gcc,asan,1,384,,,,281282.0,,,,384,,,,,,,1364.0,,,
bin/memcached,gcc,asan,1,448,,,,281500.0,,,,448,,,,,,,1591.0,,,
bin/memcached,gcc,asan,1,512,,,,281652.0,,,,512,,,,,,,1817.0,,,
bin/memcached,gcc,asan,1,32,,,,174786.0,,,,32,,,,,,,182.0,,,
bin/memcached,gcc,asan,1,64,,,,258143.0,,,,64,,,,,,,247.0,,,
bin/memcached,gcc,asan,1,128,,,,279990.0,,,,128,,,,,,,456.0,,,
bin/memcached,gcc,asan,1,192,,,,280905.0,,,,192,,,,,,,682.0,,,
bin/memcached,gcc,asan,1,256,,,,281078.0,,,,256,,,,,,,910.0,,,
bin/memcached,gcc,asan,1,320,,,,280943.0,,,,320,,,,,,,1138.0,,,
bin/memcached,gcc,asan,1,384,,,,281214.0,,,,384,,,,,,,1365.0,,,
bin/memcached,gcc,asan,1,448,,,,281529.0,,,,448,,,,,,,1590.0,,,
bin/memcached,gcc,asan,1,512,,,,280959.0,,,,512,,,,,,,1821.0,,,
bin/memcached,gcc,asan,1,32,,,,174915.0,,,,32,,,,,,,182.0,,,
bin/memcached,gcc,asan,1,64,,,,258816.0,,,,64,,,,,,,246.0,,,
bin/memcached,gcc,asan,1,128,,,,279802.0,,,,128,,,,,,,456.0,,,
bin/memcached,gcc,asan,1,192,,,,281018.0,,,,192,,,,,,,682.0,,,
bin/memcached,gcc,asan,1,256,,,,280991.0,,,,256,,,,,,,910.0,,,
bin/memcached,gcc,asan,1,320,,,,280891.0,,,,320,,,,,,,1138.0,,,
bin/memcached,gcc,asan,1,384,,,,281358.0,,,,384,,,,,,,1364.0,,,
bin/memcached,gcc,asan,1,448,,,,281114.0,,,,448,,,,,,,1593.0,,,
bin/memcached,gcc,asan,1,512,,,,281550.0,,,,512,,,,,,,1818.0,,,
bin/memcached,gcc,asan,1,32,,,,174779.0,,,,32,,,,,,,182.0,,,
bin/memcached,gcc,asan,1,64,,,,258561.0,,,,64,,,,,,,247.0,,,
bin/memcached,gcc,asan,1,128,,,,280286.0,,,,128,,,,,,,456.0,,,
bin/memcached,gcc,asan,1,192,,,,280886.0,,,,192,,,,,,,682.0,,,
bin/memcached,gcc,asan,1,256,,,,281346.0,,,,256,,,,,,,909.0,,,
bin/memcached,gcc,asan,1,320,,,,280703.0,,,,320,,,,,,,1139.0,,,
bin/memcached,gcc,asan,1,384,,,,281512.0,,,,384,,,,,,,1363.0,,,
bin/memcached,gcc,asan,1,448,,,,281266.0,,,,448,,,,,,,1592.0,,,
bin/memcached,gcc,asan,1,512,,,,281539.0,,,,512,,,,,,,1818.0,,,
bin/memcached,gcc,asan,1,32,,,,174737.0,,,,32,,,,,,,182.0,,,
bin/memcached,gcc,asan,1,64,,,,258710.0,,,,64,,,,,,,246.0,,,
bin/memcached,gcc,asan,1,128,,,,279590.0,,,,128,,,,,,,457.0,,,
bin/memcached,gcc,asan,1,192,,,,280956.0,,,,192,,,,,,,682.0,,,
bin/memcached,gcc,asan,1,256,,,,281141.0,,,,256,,,,,,,910.0,,,
bin/memcached,gcc,asan,1,320,,,,281325.0,,,,320,,,,,,,1136.0,,,
bin/memcached,gcc,asan,1,384,,,,281499.0,,,,384,,,,,,,1363.0,,,
bin/memcached,gcc,asan,1,448,,,,281393.0,,,,448,,,,,,,1591.0,,,
bin/memcached,gcc,asan,1,512,,,,281209.0,,,,512,,,,,,,1820.0,,,
bin/memcached,gcc,asan,1,32,,,,176083.0,,,,32,,,,,,,181.0,,,
bin/memcached,gcc,asan,1,64,,,,258889.0,,,,64,,,,,,,246.0,,,
bin/memcached,gcc,asan,1,128,,,,279707.0,,,,128,,,,,,,457.0,,,
bin/memcached,gcc,asan,1,192,,,,280860.0,,,,192,,,,,,,683.0,,,
bin/memcached,gcc,asan,1,256,,,,280758.0,,,,256,,,,,,,911.0,,,
bin/memcached,gcc,asan,1,320,,,,281806.0,,,,320,,,,,,,1135.0,,,
bin/memcached,gcc,asan,1,384,,,,281161.0,,,,384,,,,,,,1365.0,,,
bin/memcached,gcc,asan,1,448,,,,281296.0,,,,448,,,,,,,1592.0,,,
bin/memcached,gcc,asan,1,512,,,,281204.0,,,,512,,,,,,,1820.0,,,
bin/memcached,gcc,asan,1,32,,,,175157.0,,,,32,,,,,,,182.0,,,
bin/memcached,gcc,asan,1,64,,,,258981.0,,,,64,,,,,,,246.0,,,
bin/memcached,gcc,asan,1,128,,,,279666.0,,,,128,,,,,,,457.0,,,
bin/memcached,gcc,asan,1,192,,,,280986.0,,,,192,,,,,,,682.0,,,
bin/memcached,gcc,asan,1,256,,,,280675.0,,,,256,,,,,,,911.0,,,
bin/memcached,gcc,asan,1,320,,,,281307.0,,,,320,,,,,,,1137.0,,,
bin/memcached,gcc,asan,1,384,,,,281344.0,,,,384,,,,,,,1364.0,,,
bin/memcached,gcc,asan,1,448,,,,281422.0,,,,448,,,,,,,1591.0,,,
bin/memcached,gcc,asan,1,512,,,,281524.0,,,,512,,,,,,,1818.0,,,
bin/memcached,clang,asan,1,32,,,,176049.0,,,,32,,,,,,,181.0,,,
bin/memcached,clang,asan,1,64,,,,258669.0,,,,64,,,,,,,246.0,,,
bin/memcached,clang,asan,1,128,,,,279936.0,,,,128,,,,,,,456.0,,,
bin/memcached,clang,asan,1,192,,,,280901.0,,,,192,,,,,,,682.0,,,
bin/memcached,clang,asan,1,256,,,,281072.0,,,,256,,,,,,,910.0,,,
bin/memcached,clang,asan,1,320,,,,281205.0,,,,320,,,,,,,1137.0,,,
bin/memcached,clang,asan,1,384,,,,281222.0,,,,384,,,,,,,1364.0,,,
bin/memcached,clang,asan,1,448,,,,281324.0,,,,448,,,,,,,1592.0,,,
bin/memcached,clang,asan,1,512,,,,281014.0,,,,512,,,,,,,1821.0,,,
bin/memcached,clang,asan,1,32,,,,175788.0,,,,32,,,,,,,181.0,,,
bin/memcached,clang,asan,1,64,,,,258904.0,,,,64,,,,,,,246.0,,,
bin/memcached,clang,asan,1,128,,,,279984.0,,,,128,,,,,,,456.0,,,
bin/memcached,clang,asan,1,192,,,,281032.0,,,,192,,,,,,,682.0,,,
bin/memcached,clang,asan,1,256,,,,281236.0,,,,256,,,,,,,909.0,,,
bin/memcached,clang,asan,1,320,,,,281149.0,,,,320,,,,,,,1137.0,,,
bin/memcached,clang,asan,1,384,,,,281430.0,,,,384,,,,,,,1363.0,,,
bin/memcached,clang,asan,1,448,,,,281375.0,,,,448,,,,,,,1591.0,,,
bin/memcached,clang,asan,1,512,,,,281459.0,,,,512,,,,,,,1818.0,,,
bin/memcached,clang,asan,1,32,,,,174408.0,,,,32,,,,,,,182.0,,,
bin/memcached,clang,asan,1,64,,,,259096.0,,,,64,,,,,,,246.0,,,
bin/memcached,clang,asan,1,128,,,,279855.0,,,,128,,,,,,,456.0,,,
bin/memcached,clang,asan,1,192,,,,281213.0,,,,192,,,,,,,682.0,,,
bin/memcached,clang,asan,1,256,,,,281201.0,,,,256,,,,,,,909.0,,,
bin/memcached,clang,asan,1,320,,,,281223.0,,,,320,,,,,,,1137.0,,,
bin/memcached,clang,asan,1,384,,,,281212.0,,,,384,,,,,,,1365.0,,,
bin/memcached,clang,asan,1,448,,,,280899.0,,,,448,,,,,,,1594.0,,,
bin/memcached,clang,asan,1,512,,,,280802.0,,,,512,,,,,,,1822.0,,,
bin/memcached,clang,asan,1,32,,,,176149.0,,,,32,,,,,,,181.0,,,
bin/memcached,clang,asan,1,64,,,,258536.0,,,,64,,,,,,,247.0,,,
bin/memcached,clang,asan,1,128,,,,280452.0,,,,128,,,,,,,455.0,,,
bin/memcached,clang,asan,1,192,,,,280751.0,,,,192,,,,,,,683.0,,,
bin/memcached,clang,asan,1,256,,,,280906.0,,,,256,,,,,,,910.0,,,
bin/memcached,clang,asan,1,320,,,,280761.0,,,,320,,,,,,,1139.0,,,
bin/memcached,clang,asan,1,384,,,,281465.0,,,,384,,,,,,,1363.0,,,
bin/memcached,clang,asan,1,448,,,,281176.0,,,,448,,,,,,,1592.0,,,
bin/memcached,clang,asan,1,512,,,,281392.0,,,,512,,,,,,,1819.0,,,
bin/memcached,clang,asan,1,32,,,,173918.0,,,,32,,,,,,,183.0,,,
bin/memcached,clang,asan,1,64,,,,259445.0,,,,64,,,,,,,246.0,,,
bin/memcached,clang,asan,1,128,,,,280075.0,,,,128,,,,,,,456.0,,,
bin/memcached,clang,asan,1,192,,,,281039.0,,,,192,,,,,,,682.0,,,
bin/memcached,clang,asan,1,256,,,,281204.0,,,,256,,,,,,,909.0,,,
bin/memcached,clang,asan,1,320,,,,281082.0,,,,320,,,,,,,1137.0,,,
bin/memcached,clang,asan,1,384,,,,281491.0,,,,384,,,,,,,1363.0,,,
bin/memcached,clang,asan,1,448,,,,281496.0,,,,448,,,,,,,1591.0,,,
bin/memcached,clang,asan,1,512,,,,281577.0,,,,512,,,,,,,1817.0,,,
bin/memcached,clang,asan,1,32,,,,174202.0,,,,32,,,,,,,183.0,,,
bin/memcached,clang,asan,1,64,,,,258968.0,,,,64,,,,,,,246.0,,,
bin/memcached,clang,asan,1,128,,,,279644.0,,,,128,,,,,,,457.0,,,
bin/memcached,clang,asan,1,192,,,,280618.0,,,,192,,,,,,,683.0,,,
bin/memcached,clang,asan,1,256,,,,281114.0,,,,256,,,,,,,910.0,,,
bin/memcached,clang,asan,1,320,,,,281311.0,,,,320,,,,,,,1137.0,,,
bin/memcached,clang,asan,1,384,,,,281558.0,,,,384,,,,,,,1363.0,,,
bin/memcached,clang,asan,1,448,,,,281572.0,,,,448,,,,,,,1590.0,,,
bin/memcached,clang,asan,1,512,,,,281142.0,,,,512,,,,,,,1820.0,,,
bin/memcached,clang,asan,1,32,,,,173791.0,,,,32,,,,,,,183.0,,,
bin/memcached,clang,asan,1,64,,,,258639.0,,,,64,,,,,,,246.0,,,
bin/memcached,clang,asan,1,128,,,,279997.0,,,,128,,,,,,,456.0,,,
bin/memcached,clang,asan,1,192,,,,281035.0,,,,192,,,,,,,682.0,,,
bin/memcached,clang,asan,1,256,,,,281308.0,,,,256,,,,,,,909.0,,,
bin/memcached,clang,asan,1,320,,,,281393.0,,,,320,,,,,,,1136.0,,,
bin/memcached,clang,asan,1,384,,,,281194.0,,,,384,,,,,,,1365.0,,,
bin/memcached,clang,asan,1,448,,,,281387.0,,,,448,,,,,,,1591.0,,,
bin/memcached,clang,asan,1,512,,,,281530.0,,,,512,,,,,,,1818.0,,,
bin/memcached,clang,asan,1,32,,,,174954.0,,,,32,,,,,,,182.0,,,
bin/memcached,clang,asan,1,64,,,,259120.0,,,,64,,,,,,,246.0,,,
bin/memcached,clang,asan,1,128,,,,279968.0,,,,128,,,,,,,456.0,,,
bin/memcached,clang,asan,1,192,,,,280964.0,,,,192,,,,,,,682.0,,,
bin/memcached,clang,asan,1,256,,,,281037.0,,,,256,,,,,,,910.0,,,
bin/memcached,clang,asan,1,320,,,,281311.0,,,,320,,,,,,,1137.0,,,
bin/memcached,clang,asan,1,384,,,,281263.0,,,,384,,,,,,,1364.0,,,
bin/memcached,clang,asan,1,448,,,,281602.0,,,,448,,,,,,,1590.0,,,
bin/memcached,clang,asan,1,512,,,,281552.0,,,,512,,,,,,,1818.0,,,
bin/memcached,clang,asan,1,32,,,,175871.0,,,,32,,,,,,,181.0,,,
bin/memcached,clang,asan,1,64,,,,259072.0,,,,64,,,,,,,246.0,,,
bin/memcached,clang,asan,1,128,,,,280251.0,,,,128,,,,,,,456.0,,,
bin/memcached,clang,asan,1,192,,,,280698.0,,,,192,,,,,,,683.0,,,
bin/memcached,clang,asan,1,256,,,,280629.0,,,,256,,,,,,,911.0,,,
bin/memcached,clang,asan,1,320,,,,281187.0,,,,320,,,,,,,1137.0,,,
bin/memcached,clang,asan,1,384,,,,281661.0,,,,384,,,,,,,1362.0,,,
bin/memcached,clang,asan,1,448,,,,281462.0,,,,448,,,,,,,1591.0,,,
bin/memcached,clang,asan,1,512,,,,281665.0,,,,512,,,,,,,1817.0,,,
bin/memcached,clang,asan,1,32,,,,175503.0,,,,32,,,,,,,181.0,,,
bin/memcached,clang,asan,1,64,,,,259055.0,,,,64,,,,,,,246.0,,,
bin/memcached,clang,asan,1,128,,,,280117.0,,,,128,,,,,,,456.0,,,
bin/memcached,clang,asan,1,192,,,,280666.0,,,,192,,,,,,,683.0,,,
bin/memcached,clang,asan,1,256,,,,281231.0,,,,256,,,,,,,909.0,,,
bin/memcached,clang,asan,1,320,,,,281128.0,,,,320,,,,,,,1137.0,,,
bin/memcached,clang,asan,1,384,,,,281414.0,,,,384,,,,,,,1364.0,,,
bin/memcached,clang,asan,1,448,,,,279832.0,,,,448,,,,,,,1600.0,,,
bin/memcached,clang,asan,1,512,,,,281410.0,,,,512,,,,,,,1818.0,,,
bin/memcached,gcc,asan_only_write,1,32,,,,176352.0,,,,32,,,,,,,180.0,,,
bin/memcached,gcc,asan_only_write,1,64,,,,259056.0,,,,64,,,,,,,246.0,,,
bin/memcached,gcc,asan_only_write,1,128,,,,280118.0,,,,128,,,,,,,456.0,,,
bin/memcached,gcc,asan_only_write,1,192,,,,281068.0,,,,192,,,,,,,682.0,,,
bin/memcached,gcc,asan_only_write,1,256,,,,281160.0,,,,256,,,,,,,909.0,,,
bin/memcached,gcc,asan_only_write,1,320,,,,281356.0,,,,320,,,,,,,1136.0,,,
bin/memcached,gcc,asan_only_write,1,384,,,,281533.0,,,,384,,,,,,,1363.0,,,
bin/memcached,gcc,asan_only_write,1,448,,,,281501.0,,,,448,,,,,,,1591.0,,,
bin/memcached,gcc,asan_only_write,1,512,,,,281424.0,,,,512,,,,,,,1818.0,,,
bin/memcached,gcc,asan_only_write,1,32,,,,175628.0,,,,32,,,,,,,181.0,,,
bin/memcached,gcc,asan_only_write,1,64,,,,259373.0,,,,64,,,,,,,246.0,,,
bin/memcached,gcc,asan_only_write,1,128,,,,280301.0,,,,128,,,,,,,456.0,,,
bin/memcached,gcc,asan_only_write,1,192,,,,280955.0,,,,192,,,,,,,682.0,,,
bin/memcached,gcc,asan_only_write,1,256,,,,281420.0,,,,256,,,,,,,909.0,,,
bin/memcached,gcc,asan_only_write,1,320,,,,281471.0,,,,320,,,,,,,1136.0,,,
bin/memcached,gcc,asan_only_write,1,384,,,,281525.0,,,,384,,,,,,,1363.0,,,
bin/memcached,gcc,asan_only_write,1,448,,,,281380.0,,,,448,,,,,,,1591.0,,,
bin/memcached,gcc,asan_only_write,1,512,,,,281617.0,,,,512,,,,,,,1817.0,,,
bin/memcached,gcc,asan_only_write,1,32,,,,175854.0,,,,32,,,,,,,181.0,,,
bin/memcached,gcc,asan_only_write,1,64,,,,259230.0,,,,64,,,,,,,246.0,,,
bin/memcached,gcc,asan_only_write,1,128,,,,280243.0,,,,128,,,,,,,456.0,,,
bin/memcached,gcc,asan_only_write,1,192,,,,280920.0,,,,192,,,,,,,682.0,,,
bin/memcached,gcc,asan_only_write,1,256,,,,281325.0,,,,256,,,,,,,909.0,,,
bin/memcached,gcc,asan_only_write,1,320,,,,280860.0,,,,320,,,,,,,1138.0,,,
bin/memcached,gcc,asan_only_write,1,384,,,,281184.0,,,,384,,,,,,,1365.0,,,
bin/memcached,gcc,asan_only_write,1,448,,,,281375.0,,,,448,,,,,,,1591.0,,,
bin/memcached,gcc,asan_only_write,1,512,,,,281404.0,,,,512,,,,,,,1819.0,,,
bin/memcached,gcc,asan_only_write,1,32,,,,175471.0,,,,32,,,,,,,181.0,,,
bin/memcached,gcc,asan_only_write,1,64,,,,259302.0,,,,64,,,,,,,246.0,,,
bin/memcached,gcc,asan_only_write,1,128,,,,279984.0,,,,128,,,,,,,456.0,,,
bin/memcached,gcc,asan_only_write,1,192,,,,280979.0,,,,192,,,,,,,682.0,,,
bin/memcached,gcc,asan_only_write,1,256,,,,280935.0,,,,256,,,,,,,910.0,,,
bin/memcached,gcc,asan_only_write,1,320,,,,281270.0,,,,320,,,,,,,1137.0,,,
bin/memcached,gcc,asan_only_write,1,384,,,,281107.0,,,,384,,,,,,,1365.0,,,
bin/memcached,gcc,asan_only_write,1,448,,,,281323.0,,,,448,,,,,,,1592.0,,,
bin/memcached,gcc,asan_only_write,1,512,,,,281304.0,,,,512,,,,,,,1819.0,,,
bin/memcached,gcc,asan_only_write,1,32,,,,171969.0,,,,32,,,,,,,185.0,,,
bin/memcached,gcc,asan_only_write,1,64,,,,259202.0,,,,64,,,,,,,246.0,,,
bin/memcached,gcc,asan_only_write,1,128,,,,280463.0,,,,128,,,,,,,455.0,,,
bin/memcached,gcc,asan_only_write,1,192,,,,280844.0,,,,192,,,,,,,683.0,,,
bin/memcached,gcc,asan_only_write,1,256,,,,281302.0,,,,256,,,,,,,909.0,,,
bin/memcached,gcc,asan_only_write,1,320,,,,281274.0,,,,320,,,,,,,1137.0,,,
bin/memcached,gcc,asan_only_write,1,384,,,,281313.0,,,,384,,,,,,,1364.0,,,
bin/memcached,gcc,asan_only_write,1,448,,,,281537.0,,,,448,,,,,,,1590.0,,,
bin/memcached,gcc,asan_only_write,1,512,,,,281451.0,,,,512,,,,,,,1818.0,,,
bin/memcached,gcc,asan_only_write,1,32,,,,174910.0,,,,32,,,,,,,182.0,,,
bin/memcached,gcc,asan_only_write,1,64,,,,259112.0,,,,64,,,,,,,246.0,,,
bin/memcached,gcc,asan_only_write,1,128,,,,280409.0,,,,128,,,,,,,455.0,,,
bin/memcached,gcc,asan_only_write,1,192,,,,280758.0,,,,192,,,,,,,683.0,,,
bin/memcached,gcc,asan_only_write,1,256,,,,281238.0,,,,256,,,,,,,909.0,,,
bin/memcached,gcc,asan_only_write,1,320,,,,281268.0,,,,320,,,,,,,1137.0,,,
bin/memcached,gcc,asan_only_write,1,384,,,,281463.0,,,,384,,,,,,,1363.0,,,
bin/memcached,gcc,asan_only_write,1,448,,,,281532.0,,,,448,,,,,,,1590.0,,,
bin/memcached,gcc,asan_only_write,1,512,,,,281303.0,,,,512,,,,,,,1819.0,,,
bin/memcached,gcc,asan_only_write,1,32,,,,175050.0,,,,32,,,,,,,182.0,,,
bin/memcached,gcc,asan_only_write,1,64,,,,259525.0,,,,64,,,,,,,246.0,,,
bin/memcached,gcc,asan_only_write,1,128,,,,280144.0,,,,128,,,,,,,456.0,,,
bin/memcached,gcc,asan_only_write,1,192,,,,281060.0,,,,192,,,,,,,682.0,,,
bin/memcached,gcc,asan_only_write,1,256,,,,281323.0,,,,256,,,,,,,909.0,,,
bin/memcached,gcc,asan_only_write,1,320,,,,281466.0,,,,320,,,,,,,1136.0,,,
bin/memcached,gcc,asan_only_write,1,384,,,,281428.0,,,,384,,,,,,,1363.0,,,
bin/memcached,gcc,asan_only_write,1,448,,,,281730.0,,,,448,,,,,,,1589.0,,,
bin/memcached,gcc,asan_only_write,1,512,,,,281826.0,,,,512,,,,,,,1816.0,,,
bin/memcached,gcc,asan_only_write,1,32,,,,164181.0,,,,32,,,,,,,194.0,,,
bin/memcached,gcc,asan_only_write,1,64,,,,259263.0,,,,64,,,,,,,246.0,,,
bin/memcached,gcc,asan_only_write,1,128,,,,280136.0,,,,128,,,,,,,456.0,,,
bin/memcached,gcc,asan_only_write,1,192,,,,281006.0,,,,192,,,,,,,682.0,,,
bin/memcached,gcc,asan_only_write,1,256,,,,281230.0,,,,256,,,,,,,909.0,,,
bin/memcached,gcc,asan_only_write,1,320,,,,281400.0,,,,320,,,,,,,1136.0,,,
bin/memcached,gcc,asan_only_write,1,384,,,,281654.0,,,,384,,,,,,,1362.0,,,
bin/memcached,gcc,asan_only_write,1,448,,,,281185.0,,,,448,,,,,,,1592.0,,,
bin/memcached,gcc,asan_only_write,1,512,,,,281473.0,,,,512,,,,,,,1818.0,,,
bin/memcached,gcc,asan_only_write,1,32,,,,175296.0,,,,32,,,,,,,181.0,,,
bin/memcached,gcc,asan_only_write,1,64,,,,259317.0,,,,64,,,,,,,246.0,,,
bin/memcached,gcc,asan_only_write,1,128,,,,280564.0,,,,128,,,,,,,455.0,,,
bin/memcached,gcc,asan_only_write,1,192,,,,281020.0,,,,192,,,,,,,682.0,,,
bin/memcached,gcc,asan_only_write,1,256,,,,280754.0,,,,256,,,,,,,911.0,,,
bin/memcached,gcc,asan_only_write,1,320,,,,281448.0,,,,320,,,,,,,1136.0,,,
bin/memcached,gcc,asan_only_write,1,384,,,,281209.0,,,,384,,,,,,,1365.0,,,
bin/memcached,gcc,asan_only_write,1,448,,,,281298.0,,,,448,,,,,,,1592.0,,,
bin/memcached,gcc,asan_only_write,1,512,,,,281455.0,,,,512,,,,,,,1818.0,,,
bin/memcached,gcc,asan_only_write,1,32,,,,174747.0,,,,32,,,,,,,182.0,,,
bin/memcached,gcc,asan_only_write,1,64,,,,259117.0,,,,64,,,,,,,246.0,,,
bin/memcached,gcc,asan_only_write,1,128,,,,280027.0,,,,128,,,,,,,456.0,,,
bin/memcached,gcc,asan_only_write,1,192,,,,281254.0,,,,192,,,,,,,682.0,,,
bin/memcached,gcc,asan_only_write,1,256,,,,280904.0,,,,256,,,,,,,910.0,,,
bin/memcached,gcc,asan_only_write,1,320,,,,281330.0,,,,320,,,,,,,1136.0,,,
bin/memcached,gcc,asan_only_write,1,384,,,,281280.0,,,,384,,,,,,,1364.0,,,
bin/memcached,gcc,asan_only_write,1,448,,,,281268.0,,,,448,,,,,,,1592.0,,,
bin/memcached,gcc,asan_only_write,1,512,,,,281666.0,,,,512,,,,,,,1817.0,,,
