name,compiler,type,threads,input,failed_requests,major_faults,complete_requests,cycles,dtlb_store_misses,sgxtime,tput,lat,branch_misses,branch_instructions,mpxerrors,num_clients,sgxmem,dtlb_load_misses,dtlb_stores,time,instructions,minor_faults,dtlb_loads,mpxbtnum
bin/httpd,gcc,native,1,1,0,,30079,,,,1503.91,0.665,,,,1,,,,,,,,
bin/httpd,gcc,native,1,5,0,,162485,,,,8124.24,0.615,,,,5,,,,,,,,
bin/httpd,gcc,native,1,9,0,,339557,,,,16977.81,0.53,,,,9,,,,,,,,
bin/httpd,gcc,native,1,13,0,,521324,,,,26066.02,0.499,,,,13,,,,,,,,
bin/httpd,gcc,native,1,17,0,,682717,,,,34135.79,0.498,,,,17,,,,,,,,
bin/httpd,gcc,native,1,21,0,,795971,,,,39797.9,0.528,,,,21,,,,,,,,
bin/httpd,gcc,native,1,25,0,,809655,,,,40482.29,0.618,,,,25,,,,,,,,
bin/httpd,gcc,native,1,29,0,,830891,,,,41544.33,0.698,,,,29,,,,,,,,
bin/httpd,gcc,native,1,31,0,,833779,,,,41688.55,0.744,,,,31,,,,,,,,
bin/httpd,gcc,native,1,33,0,,877301,,,,43865.04,0.752,,,,33,,,,,,,,
bin/httpd,gcc,native,1,35,0,,871160,,,,43557.56,0.804,,,,35,,,,,,,,
bin/httpd,icc,native,1,1,0,,29171,,,,1458.5,0.686,,,,1,,,,,,,,
bin/httpd,icc,native,1,5,0,,159283,,,,7964.14,0.628,,,,5,,,,,,,,
bin/httpd,icc,native,1,9,0,,326841,,,,16341.97,0.551,,,,9,,,,,,,,
bin/httpd,icc,native,1,13,0,,506140,,,,25306.78,0.514,,,,13,,,,,,,,
bin/httpd,icc,native,1,17,0,,701404,,,,35069.95,0.485,,,,17,,,,,,,,
bin/httpd,icc,native,1,21,0,,811010,,,,40550.27,0.518,,,,21,,,,,,,,
bin/httpd,icc,native,1,25,0,,814717,,,,40735.75,0.614,,,,25,,,,,,,,
bin/httpd,icc,native,1,29,0,,836332,,,,41816.37,0.694,,,,29,,,,,,,,
bin/httpd,icc,native,1,31,0,,861903,,,,43095.13,0.719,,,,31,,,,,,,,
bin/httpd,icc,native,1,33,0,,862644,,,,43131.62,0.765,,,,33,,,,,,,,
bin/httpd,icc,native,1,35,0,,847813,,,,42390.33,0.826,,,,35,,,,,,,,
bin/httpd,clang,native,1,1,0,,42657,,,,2132.78,0.469,,,,1,,,,,,,,
bin/httpd,clang,native,1,5,0,,185726,,,,9286.3,0.538,,,,5,,,,,,,,
bin/httpd,clang,native,1,9,0,,348271,,,,17413.53,0.517,,,,9,,,,,,,,
bin/httpd,clang,native,1,13,0,,541213,,,,27060.41,0.48,,,,13,,,,,,,,
bin/httpd,clang,native,1,17,0,,727628,,,,36381.4,0.467,,,,17,,,,,,,,
bin/httpd,clang,native,1,21,0,,915921,,,,45795.99,0.459,,,,21,,,,,,,,
bin/httpd,clang,native,1,25,0,,1000000,,,,51649.12,0.484,,,,25,,,,,,,,
bin/httpd,clang,native,1,29,0,,1000000,,,,51925.76,0.558,,,,29,,,,,,,,
bin/httpd,clang,native,1,31,0,,1000000,,,,52139.52,0.595,,,,31,,,,,,,,
bin/httpd,clang,native,1,33,0,,1000000,,,,52642.93,0.627,,,,33,,,,,,,,
bin/httpd,clang,native,1,35,0,,1000000,,,,52256.39,0.67,,,,35,,,,,,,,
bin/httpd,gcc,mpx_no_narrow_bounds,1,1,0,,25273,,,,1263.63,0.791,,,,1,,,,,,,,
bin/httpd,gcc,mpx_no_narrow_bounds,1,5,0,,144776,,,,7238.8,0.691,,,,5,,,,,,,,
bin/httpd,gcc,mpx_no_narrow_bounds,1,9,0,,338757,,,,16937.68,0.531,,,,9,,,,,,,,
bin/httpd,gcc,mpx_no_narrow_bounds,1,13,0,,486817,,,,24340.52,0.534,,,,13,,,,,,,,
bin/httpd,gcc,mpx_no_narrow_bounds,1,17,0,,607453,,,,30372.59,0.56,,,,17,,,,,,,,
bin/httpd,gcc,mpx_no_narrow_bounds,1,21,0,,691569,,,,34578.41,0.607,,,,21,,,,,,,,
bin/httpd,gcc,mpx_no_narrow_bounds,1,25,0,,725984,,,,36298.79,0.689,,,,25,,,,,,,,
bin/httpd,gcc,mpx_no_narrow_bounds,1,29,0,,791029,,,,39551.21,0.733,,,,29,,,,,,,,
bin/httpd,gcc,mpx_no_narrow_bounds,1,31,0,,815905,,,,40794.69,0.76,,,,31,,,,,,,,
bin/httpd,gcc,mpx_no_narrow_bounds,1,33,0,,789633,,,,39481.62,0.836,,,,33,,,,,,,,
bin/httpd,gcc,mpx_no_narrow_bounds,1,35,0,,825624,,,,41281.18,0.848,,,,35,,,,,,,,
bin/httpd,gcc,mpx_no_narrow_bounds_only_write,1,1,0,,26779,,,,1338.93,0.747,,,,1,,,,,,,,
bin/httpd,gcc,mpx_no_narrow_bounds_only_write,1,5,0,,157383,,,,7869.14,0.635,,,,5,,,,,,,,
bin/httpd,gcc,mpx_no_narrow_bounds_only_write,1,9,0,,328440,,,,16421.84,0.548,,,,9,,,,,,,,
bin/httpd,gcc,mpx_no_narrow_bounds_only_write,1,13,0,,501485,,,,25074.13,0.518,,,,13,,,,,,,,
bin/httpd,gcc,mpx_no_narrow_bounds_only_write,1,17,0,,702000,,,,35099.81,0.484,,,,17,,,,,,,,
bin/httpd,gcc,mpx_no_narrow_bounds_only_write,1,21,0,,766776,,,,38338.56,0.548,,,,21,,,,,,,,
bin/httpd,gcc,mpx_no_narrow_bounds_only_write,1,25,0,,855010,,,,42750.48,0.585,,,,25,,,,,,,,
bin/httpd,gcc,mpx_no_narrow_bounds_only_write,1,29,0,,813119,,,,40655.49,0.713,,,,29,,,,,,,,
bin/httpd,gcc,mpx_no_narrow_bounds_only_write,1,31,0,,863485,,,,43174.17,0.718,,,,31,,,,,,,,
bin/httpd,gcc,mpx_no_narrow_bounds_only_write,1,33,0,,862741,,,,43136.79,0.765,,,,33,,,,,,,,
bin/httpd,gcc,mpx_no_narrow_bounds_only_write,1,35,0,,851946,,,,42597.02,0.822,,,,35,,,,,,,,
bin/httpd,icc,mpx_no_narrow_bounds,1,1,0,,28944,,,,1447.18,0.691,,,,1,,,,,,,,
bin/httpd,icc,mpx_no_narrow_bounds,1,5,0,,188009,,,,9400.44,0.532,,,,5,,,,,,,,
bin/httpd,icc,mpx_no_narrow_bounds,1,9,0,,346834,,,,17341.6,0.519,,,,9,,,,,,,,
bin/httpd,icc,mpx_no_narrow_bounds,1,13,0,,531528,,,,26576.26,0.489,,,,13,,,,,,,,
bin/httpd,icc,mpx_no_narrow_bounds,1,17,0,,695075,,,,34753.63,0.489,,,,17,,,,,,,,
bin/httpd,icc,mpx_no_narrow_bounds,1,21,0,,954393,,,,47719.64,0.44,,,,21,,,,,,,,
bin/httpd,icc,mpx_no_narrow_bounds,1,25,0,,1000000,,,,51040.94,0.49,,,,25,,,,,,,,
bin/httpd,icc,mpx_no_narrow_bounds,1,29,0,,966553,,,,48327.63,0.6,,,,29,,,,,,,,
bin/httpd,icc,mpx_no_narrow_bounds,1,31,0,,982498,,,,49124.81,0.631,,,,31,,,,,,,,
bin/httpd,icc,mpx_no_narrow_bounds,1,33,0,,954924,,,,47746.13,0.691,,,,33,,,,,,,,
bin/httpd,icc,mpx_no_narrow_bounds,1,35,0,,944060,,,,47202.9,0.741,,,,35,,,,,,,,
bin/httpd,icc,mpx_no_narrow_bounds_only_write,1,1,0,,30497,,,,1524.83,0.656,,,,1,,,,,,,,
bin/httpd,icc,mpx_no_narrow_bounds_only_write,1,5,0,,176925,,,,8846.25,0.565,,,,5,,,,,,,,
bin/httpd,icc,mpx_no_narrow_bounds_only_write,1,9,0,,336850,,,,16842.48,0.534,,,,9,,,,,,,,
bin/httpd,icc,mpx_no_narrow_bounds_only_write,1,13,0,,521688,,,,26084.34,0.498,,,,13,,,,,,,,
bin/httpd,icc,mpx_no_narrow_bounds_only_write,1,17,0,,696164,,,,34808.09,0.488,,,,17,,,,,,,,
bin/httpd,icc,mpx_no_narrow_bounds_only_write,1,21,0,,785108,,,,39254.95,0.535,,,,21,,,,,,,,
bin/httpd,icc,mpx_no_narrow_bounds_only_write,1,25,0,,912441,,,,45622.0,0.548,,,,25,,,,,,,,
bin/httpd,icc,mpx_no_narrow_bounds_only_write,1,29,0,,907449,,,,45372.36,0.639,,,,29,,,,,,,,
bin/httpd,icc,mpx_no_narrow_bounds_only_write,1,31,0,,902380,,,,45118.97,0.687,,,,31,,,,,,,,
bin/httpd,icc,mpx_no_narrow_bounds_only_write,1,33,0,,891558,,,,44577.64,0.74,,,,33,,,,,,,,
bin/httpd,icc,mpx_no_narrow_bounds_only_write,1,35,0,,938155,,,,46907.7,0.746,,,,35,,,,,,,,
bin/httpd,gcc,asan,1,1,0,,27482,,,,1374.07,0.728,,,,1,,,,,,,,
bin/httpd,gcc,asan,1,5,0,,181967,,,,9098.35,0.55,,,,5,,,,,,,,
bin/httpd,gcc,asan,1,9,0,,329329,,,,16466.34,0.547,,,,9,,,,,,,,
bin/httpd,gcc,asan,1,13,0,,472142,,,,23607.09,0.551,,,,13,,,,,,,,
bin/httpd,gcc,asan,1,17,0,,586963,,,,29347.9,0.579,,,,17,,,,,,,,
bin/httpd,gcc,asan,1,21,0,,856868,,,,42843.03,0.49,,,,21,,,,,,,,
bin/httpd,gcc,asan,1,25,0,,894195,,,,44709.67,0.559,,,,25,,,,,,,,
bin/httpd,gcc,asan,1,29,0,,897457,,,,44872.8,0.646,,,,29,,,,,,,,
bin/httpd,gcc,asan,1,31,0,,939816,,,,46990.79,0.66,,,,31,,,,,,,,
bin/httpd,gcc,asan,1,33,0,,922398,,,,46119.67,0.716,,,,33,,,,,,,,
bin/httpd,gcc,asan,1,35,0,,897075,,,,44853.26,0.78,,,,35,,,,,,,,
bin/httpd,clang,asan,1,1,0,,25179,,,,1258.93,0.794,,,,1,,,,,,,,
bin/httpd,clang,asan,1,5,0,,166298,,,,8314.89,0.601,,,,5,,,,,,,,
bin/httpd,clang,asan,1,9,0,,333405,,,,16670.21,0.54,,,,9,,,,,,,,
bin/httpd,clang,asan,1,13,0,,516247,,,,25812.26,0.504,,,,13,,,,,,,,
bin/httpd,clang,asan,1,17,0,,649697,,,,32484.79,0.523,,,,17,,,,,,,,
bin/httpd,clang,asan,1,21,0,,870910,,,,43545.4,0.482,,,,21,,,,,,,,
bin/httpd,clang,asan,1,25,0,,850923,,,,42546.1,0.588,,,,25,,,,,,,,
bin/httpd,clang,asan,1,29,0,,858989,,,,42949.39,0.675,,,,29,,,,,,,,
bin/httpd,clang,asan,1,31,0,,849554,,,,42477.69,0.73,,,,31,,,,,,,,
bin/httpd,clang,asan,1,33,0,,871145,,,,43556.8,0.758,,,,33,,,,,,,,
bin/httpd,clang,asan,1,35,0,,901789,,,,45089.03,0.776,,,,35,,,,,,,,
bin/httpd,gcc,asan_only_write,1,1,0,,31208,,,,1560.39,0.641,,,,1,,,,,,,,
bin/httpd,gcc,asan_only_write,1,5,0,,178918,,,,8945.9,0.559,,,,5,,,,,,,,
bin/httpd,gcc,asan_only_write,1,9,0,,328944,,,,16447.19,0.547,,,,9,,,,,,,,
bin/httpd,gcc,asan_only_write,1,13,0,,527714,,,,26385.64,0.493,,,,13,,,,,,,,
bin/httpd,gcc,asan_only_write,1,17,0,,672110,,,,33605.48,0.506,,,,17,,,,,,,,
bin/httpd,gcc,asan_only_write,1,21,0,,805965,,,,40298.01,0.521,,,,21,,,,,,,,
bin/httpd,gcc,asan_only_write,1,25,1,,900323,,,,45015.59,0.555,,,,25,,,,,,,,
bin/httpd,gcc,asan_only_write,1,29,0,,896660,,,,44832.95,0.647,,,,29,,,,,,,,
bin/httpd,gcc,asan_only_write,1,31,0,,881553,,,,44077.62,0.703,,,,31,,,,,,,,
bin/httpd,gcc,asan_only_write,1,33,0,,922777,,,,46138.84,0.715,,,,33,,,,,,,,
bin/httpd,gcc,asan_only_write,1,35,0,,921938,,,,46096.75,0.759,,,,35,,,,,,,,
bin/httpd,gcc,native,1,1,0,,31767,,,,1588.33,0.63,,,,1,,,,,,,,
bin/httpd,gcc,native,1,5,0,,194910,,,,9745.38,0.513,,,,5,,,,,,,,
bin/httpd,gcc,native,1,9,0,,345732,,,,17286.59,0.521,,,,9,,,,,,,,
bin/httpd,gcc,native,1,13,0,,567932,,,,28396.56,0.458,,,,13,,,,,,,,
bin/httpd,gcc,native,1,17,0,,733313,,,,36665.53,0.464,,,,17,,,,,,,,
bin/httpd,gcc,native,1,21,0,,978258,,,,48912.89,0.429,,,,21,,,,,,,,
bin/httpd,gcc,native,1,25,0,,1000000,,,,54501.71,0.459,,,,25,,,,,,,,
bin/httpd,gcc,native,1,29,0,,1000000,,,,55659.07,0.521,,,,29,,,,,,,,
bin/httpd,gcc,native,1,31,0,,1000000,,,,55675.7,0.557,,,,31,,,,,,,,
bin/httpd,gcc,native,1,33,0,,1000000,,,,53064.37,0.622,,,,33,,,,,,,,
bin/httpd,gcc,native,1,35,0,,1000000,,,,53050.97,0.66,,,,35,,,,,,,,
bin/httpd,icc,native,1,1,0,,28794,,,,1439.69,0.695,,,,1,,,,,,,,
bin/httpd,icc,native,1,5,0,,167823,,,,8391.09,0.596,,,,5,,,,,,,,
bin/httpd,icc,native,1,9,0,,334645,,,,16732.01,0.538,,,,9,,,,,,,,
bin/httpd,icc,native,1,13,0,,525719,,,,26285.95,0.495,,,,13,,,,,,,,
bin/httpd,icc,native,1,17,0,,672891,,,,33644.46,0.505,,,,17,,,,,,,,
bin/httpd,icc,native,1,21,0,,822409,,,,41120.34,0.511,,,,21,,,,,,,,
bin/httpd,icc,native,1,25,0,,838655,,,,41932.67,0.596,,,,25,,,,,,,,
bin/httpd,icc,native,1,29,0,,846008,,,,42300.32,0.686,,,,29,,,,,,,,
bin/httpd,icc,native,1,31,0,,837047,,,,41851.85,0.741,,,,31,,,,,,,,
bin/httpd,icc,native,1,33,0,,887666,,,,44383.2,0.744,,,,33,,,,,,,,
bin/httpd,icc,native,1,35,0,,873154,,,,43657.07,0.802,,,,35,,,,,,,,
bin/httpd,clang,native,1,1,0,,35752,,,,1787.59,0.559,,,,1,,,,,,,,
bin/httpd,clang,native,1,5,0,,182695,,,,9134.66,0.547,,,,5,,,,,,,,
bin/httpd,clang,native,1,9,0,,326539,,,,16326.93,0.551,,,,9,,,,,,,,
bin/httpd,clang,native,1,13,0,,535336,,,,26766.62,0.486,,,,13,,,,,,,,
bin/httpd,clang,native,1,17,0,,714612,,,,35730.53,0.476,,,,17,,,,,,,,
bin/httpd,clang,native,1,21,0,,880294,,,,44014.42,0.477,,,,21,,,,,,,,
bin/httpd,clang,native,1,25,0,,851612,,,,42580.58,0.587,,,,25,,,,,,,,
bin/httpd,clang,native,1,29,0,,907820,,,,45390.95,0.639,,,,29,,,,,,,,
bin/httpd,clang,native,1,31,0,,889140,,,,44456.88,0.697,,,,31,,,,,,,,
bin/httpd,clang,native,1,33,0,,926761,,,,46337.61,0.712,,,,33,,,,,,,,
bin/httpd,clang,native,1,35,0,,928967,,,,46448.34,0.754,,,,35,,,,,,,,
bin/httpd,gcc,mpx_no_narrow_bounds,1,1,0,,31808,,,,1590.39,0.629,,,,1,,,,,,,,
bin/httpd,gcc,mpx_no_narrow_bounds,1,5,0,,187647,,,,9382.26,0.533,,,,5,,,,,,,,
bin/httpd,gcc,mpx_no_narrow_bounds,1,9,0,,344013,,,,17200.45,0.523,,,,9,,,,,,,,
bin/httpd,gcc,mpx_no_narrow_bounds,1,13,0,,521056,,,,26052.78,0.499,,,,13,,,,,,,,
bin/httpd,gcc,mpx_no_narrow_bounds,1,17,0,,697412,,,,34870.54,0.488,,,,17,,,,,,,,
bin/httpd,gcc,mpx_no_narrow_bounds,1,21,0,,870584,,,,43529.07,0.482,,,,21,,,,,,,,
bin/httpd,gcc,mpx_no_narrow_bounds,1,25,0,,956310,,,,47815.36,0.523,,,,25,,,,,,,,
bin/httpd,gcc,mpx_no_narrow_bounds,1,29,0,,954131,,,,47706.54,0.608,,,,29,,,,,,,,
bin/httpd,gcc,mpx_no_narrow_bounds,1,31,0,,921624,,,,46081.16,0.673,,,,31,,,,,,,,
bin/httpd,gcc,mpx_no_narrow_bounds,1,33,0,,926493,,,,46324.58,0.712,,,,33,,,,,,,,
bin/httpd,gcc,mpx_no_narrow_bounds,1,35,0,,908983,,,,45449.11,0.77,,,,35,,,,,,,,
bin/httpd,gcc,mpx_no_narrow_bounds_only_write,1,1,0,,27158,,,,1357.87,0.736,,,,1,,,,,,,,
bin/httpd,gcc,mpx_no_narrow_bounds_only_write,1,5,0,,147201,,,,7360.01,0.679,,,,5,,,,,,,,
bin/httpd,gcc,mpx_no_narrow_bounds_only_write,1,9,0,,337870,,,,16893.32,0.533,,,,9,,,,,,,,
bin/httpd,gcc,mpx_no_narrow_bounds_only_write,1,13,0,,525667,,,,26283.34,0.495,,,,13,,,,,,,,
bin/httpd,gcc,mpx_no_narrow_bounds_only_write,1,17,0,,689249,,,,34462.27,0.493,,,,17,,,,,,,,
bin/httpd,gcc,mpx_no_narrow_bounds_only_write,1,21,0,,825029,,,,41251.34,0.509,,,,21,,,,,,,,
bin/httpd,gcc,mpx_no_narrow_bounds_only_write,1,25,0,,859190,,,,42959.38,0.582,,,,25,,,,,,,,
bin/httpd,gcc,mpx_no_narrow_bounds_only_write,1,29,0,,881220,,,,44060.93,0.658,,,,29,,,,,,,,
bin/httpd,gcc,mpx_no_narrow_bounds_only_write,1,31,0,,859346,,,,42966.98,0.721,,,,31,,,,,,,,
bin/httpd,gcc,mpx_no_narrow_bounds_only_write,1,33,0,,853413,,,,42670.32,0.773,,,,33,,,,,,,,
bin/httpd,gcc,mpx_no_narrow_bounds_only_write,1,35,0,,902602,,,,45129.68,0.776,,,,35,,,,,,,,
bin/httpd,icc,mpx_no_narrow_bounds,1,1,0,,29415,,,,1470.71,0.68,,,,1,,,,,,,,
bin/httpd,icc,mpx_no_narrow_bounds,1,5,0,,179031,,,,8951.43,0.559,,,,5,,,,,,,,
bin/httpd,icc,mpx_no_narrow_bounds,1,9,0,,337544,,,,16877.17,0.533,,,,9,,,,,,,,
bin/httpd,icc,mpx_no_narrow_bounds,1,13,0,,518646,,,,25932.24,0.501,,,,13,,,,,,,,
bin/httpd,icc,mpx_no_narrow_bounds,1,17,0,,664887,,,,33244.34,0.511,,,,17,,,,,,,,
bin/httpd,icc,mpx_no_narrow_bounds,1,21,0,,882317,,,,44115.83,0.476,,,,21,,,,,,,,
bin/httpd,icc,mpx_no_narrow_bounds,1,25,0,,946143,,,,47307.09,0.528,,,,25,,,,,,,,
bin/httpd,icc,mpx_no_narrow_bounds,1,29,0,,943179,,,,47158.93,0.615,,,,29,,,,,,,,
bin/httpd,icc,mpx_no_narrow_bounds,1,31,0,,926570,,,,46328.44,0.669,,,,31,,,,,,,,
bin/httpd,icc,mpx_no_narrow_bounds,1,33,0,,891337,,,,44566.8,0.74,,,,33,,,,,,,,
bin/httpd,icc,mpx_no_narrow_bounds,1,35,0,,950183,,,,47509.05,0.737,,,,35,,,,,,,,
bin/httpd,icc,mpx_no_narrow_bounds_only_write,1,1,0,,30443,,,,1522.12,0.657,,,,1,,,,,,,,
bin/httpd,icc,mpx_no_narrow_bounds_only_write,1,5,0,,177820,,,,8890.93,0.562,,,,5,,,,,,,,
bin/httpd,icc,mpx_no_narrow_bounds_only_write,1,9,0,,341671,,,,17083.52,0.527,,,,9,,,,,,,,
bin/httpd,icc,mpx_no_narrow_bounds_only_write,1,13,0,,521709,,,,26085.4,0.498,,,,13,,,,,,,,
bin/httpd,icc,mpx_no_narrow_bounds_only_write,1,17,0,,648798,,,,32439.9,0.524,,,,17,,,,,,,,
bin/httpd,icc,mpx_no_narrow_bounds_only_write,1,21,0,,848968,,,,42448.22,0.495,,,,21,,,,,,,,
bin/httpd,icc,mpx_no_narrow_bounds_only_write,1,25,0,,912060,,,,45602.95,0.548,,,,25,,,,,,,,
bin/httpd,icc,mpx_no_narrow_bounds_only_write,1,29,0,,880151,,,,44007.43,0.659,,,,29,,,,,,,,
bin/httpd,icc,mpx_no_narrow_bounds_only_write,1,31,0,,904346,,,,45217.28,0.686,,,,31,,,,,,,,
bin/httpd,icc,mpx_no_narrow_bounds_only_write,1,33,0,,887108,,,,44355.38,0.744,,,,33,,,,,,,,
bin/httpd,icc,mpx_no_narrow_bounds_only_write,1,35,0,,904388,,,,45219.33,0.774,,,,35,,,,,,,,
bin/httpd,gcc,asan,1,1,0,,26975,,,,1348.74,0.741,,,,1,,,,,,,,
bin/httpd,gcc,asan,1,5,0,,181504,,,,9075.18,0.551,,,,5,,,,,,,,
bin/httpd,gcc,asan,1,9,0,,327117,,,,16355.72,0.55,,,,9,,,,,,,,
bin/httpd,gcc,asan,1,13,0,,471003,,,,23550.11,0.552,,,,13,,,,,,,,
bin/httpd,gcc,asan,1,17,0,,628569,,,,31427.88,0.541,,,,17,,,,,,,,
bin/httpd,gcc,asan,1,21,0,,720404,,,,36020.1,0.583,,,,21,,,,,,,,
bin/httpd,gcc,asan,1,25,0,,876064,,,,43803.2,0.571,,,,25,,,,,,,,
bin/httpd,gcc,asan,1,29,0,,907497,,,,45374.83,0.639,,,,29,,,,,,,,
bin/httpd,gcc,asan,1,31,0,,910176,,,,45508.8,0.681,,,,31,,,,,,,,
bin/httpd,gcc,asan,1,33,0,,946154,,,,47307.59,0.698,,,,33,,,,,,,,
bin/httpd,gcc,asan,1,35,0,,927687,,,,46384.03,0.755,,,,35,,,,,,,,
bin/httpd,clang,asan,1,1,0,,27902,,,,1395.08,0.717,,,,1,,,,,,,,
bin/httpd,clang,asan,1,5,0,,180702,,,,9035.08,0.553,,,,5,,,,,,,,
bin/httpd,clang,asan,1,9,0,,335763,,,,16788.13,0.536,,,,9,,,,,,,,
bin/httpd,clang,asan,1,13,0,,495426,,,,24771.28,0.525,,,,13,,,,,,,,
bin/httpd,clang,asan,1,17,0,,693466,,,,34673.27,0.49,,,,17,,,,,,,,
bin/httpd,clang,asan,1,21,0,,881133,,,,44056.55,0.477,,,,21,,,,,,,,
bin/httpd,clang,asan,1,25,0,,964648,,,,48232.4,0.518,,,,25,,,,,,,,
bin/httpd,clang,asan,1,29,0,,966590,,,,48329.47,0.6,,,,29,,,,,,,,
bin/httpd,clang,asan,1,31,0,,949974,,,,47498.6,0.653,,,,31,,,,,,,,
bin/httpd,clang,asan,1,33,1,,942194,,,,47109.66,0.7,,,,33,,,,,,,,
bin/httpd,clang,asan,1,35,0,,926226,,,,46311.26,0.756,,,,35,,,,,,,,
bin/httpd,gcc,asan_only_write,1,1,0,,25866,,,,1293.26,0.773,,,,1,,,,,,,,
bin/httpd,gcc,asan_only_write,1,5,0,,171887,,,,8594.23,0.582,,,,5,,,,,,,,
bin/httpd,gcc,asan_only_write,1,9,0,,328112,,,,16405.52,0.549,,,,9,,,,,,,,
bin/httpd,gcc,asan_only_write,1,13,0,,522651,,,,26132.55,0.497,,,,13,,,,,,,,
bin/httpd,gcc,asan_only_write,1,17,0,,648983,,,,32449.15,0.524,,,,17,,,,,,,,
bin/httpd,gcc,asan_only_write,1,21,0,,840778,,,,42038.88,0.5,,,,21,,,,,,,,
bin/httpd,gcc,asan_only_write,1,25,0,,885070,,,,44253.43,0.565,,,,25,,,,,,,,
bin/httpd,gcc,asan_only_write,1,29,0,,878728,,,,43936.38,0.66,,,,29,,,,,,,,
bin/httpd,gcc,asan_only_write,1,31,21,,820315,,,,41015.72,0.756,,,,31,,,,,,,,
bin/httpd,gcc,asan_only_write,1,33,0,,917559,,,,45877.85,0.719,,,,33,,,,,,,,
bin/httpd,gcc,asan_only_write,1,35,0,,906058,,,,45302.49,0.773,,,,35,,,,,,,,
bin/httpd,gcc,native,1,1,0,,42038,,,,2101.89,0.476,,,,1,,,,,,,,
bin/httpd,gcc,native,1,5,0,,175872,,,,8793.47,0.569,,,,5,,,,,,,,
bin/httpd,gcc,native,1,9,0,,348024,,,,17401.14,0.517,,,,9,,,,,,,,
bin/httpd,gcc,native,1,13,0,,537665,,,,26883.16,0.484,,,,13,,,,,,,,
bin/httpd,gcc,native,1,17,0,,751669,,,,37583.4,0.452,,,,17,,,,,,,,
bin/httpd,gcc,native,1,21,0,,900950,,,,45047.44,0.466,,,,21,,,,,,,,
bin/httpd,gcc,native,1,25,0,,1000000,,,,51132.51,0.489,,,,25,,,,,,,,
bin/httpd,gcc,native,1,29,0,,993848,,,,49692.38,0.584,,,,29,,,,,,,,
bin/httpd,gcc,native,1,31,0,,987981,,,,49398.97,0.628,,,,31,,,,,,,,
bin/httpd,gcc,native,1,33,0,,1000000,,,,51115.7,0.646,,,,33,,,,,,,,
bin/httpd,gcc,native,1,35,0,,1000000,,,,50062.81,0.699,,,,35,,,,,,,,
bin/httpd,icc,native,1,1,0,,28547,,,,1427.34,0.701,,,,1,,,,,,,,
bin/httpd,icc,native,1,5,0,,164695,,,,8234.63,0.607,,,,5,,,,,,,,
bin/httpd,icc,native,1,9,0,,331636,,,,16581.71,0.543,,,,9,,,,,,,,
bin/httpd,icc,native,1,13,0,,520481,,,,26023.99,0.5,,,,13,,,,,,,,
bin/httpd,icc,native,1,17,0,,693472,,,,34673.53,0.49,,,,17,,,,,,,,
bin/httpd,icc,native,1,21,0,,822471,,,,41123.07,0.511,,,,21,,,,,,,,
bin/httpd,icc,native,1,25,0,,846442,,,,42322.09,0.591,,,,25,,,,,,,,
bin/httpd,icc,native,1,29,0,,883313,,,,44165.6,0.657,,,,29,,,,,,,,
bin/httpd,icc,native,1,31,0,,920821,,,,46041.03,0.673,,,,31,,,,,,,,
bin/httpd,icc,native,1,33,0,,918740,,,,45936.98,0.718,,,,33,,,,,,,,
bin/httpd,icc,native,1,35,0,,920255,,,,46012.16,0.761,,,,35,,,,,,,,
bin/httpd,clang,native,1,1,0,,28899,,,,1444.93,0.692,,,,1,,,,,,,,
bin/httpd,clang,native,1,5,0,,159438,,,,7971.83,0.627,,,,5,,,,,,,,
bin/httpd,clang,native,1,9,0,,323690,,,,16184.49,0.556,,,,9,,,,,,,,
bin/httpd,clang,native,1,13,0,,517550,,,,25877.46,0.502,,,,13,,,,,,,,
bin/httpd,clang,native,1,17,0,,662978,,,,33148.88,0.513,,,,17,,,,,,,,
bin/httpd,clang,native,1,21,0,,848104,,,,42405.15,0.495,,,,21,,,,,,,,
bin/httpd,clang,native,1,25,0,,841823,,,,42090.73,0.594,,,,25,,,,,,,,
bin/httpd,clang,native,1,29,0,,874002,,,,43700.01,0.664,,,,29,,,,,,,,
bin/httpd,clang,native,1,31,0,,920327,,,,46016.26,0.674,,,,31,,,,,,,,
bin/httpd,clang,native,1,33,0,,909326,,,,45466.25,0.726,,,,33,,,,,,,,
bin/httpd,clang,native,1,35,0,,917862,,,,45892.69,0.763,,,,35,,,,,,,,
bin/httpd,gcc,mpx_no_narrow_bounds,1,1,0,,27861,,,,1393.02,0.718,,,,1,,,,,,,,
bin/httpd,gcc,mpx_no_narrow_bounds,1,5,0,,173467,,,,8673.35,0.576,,,,5,,,,,,,,
bin/httpd,gcc,mpx_no_narrow_bounds,1,9,0,,349916,,,,17495.77,0.514,,,,9,,,,,,,,
bin/httpd,gcc,mpx_no_narrow_bounds,1,13,0,,519177,,,,25958.59,0.501,,,,13,,,,,,,,
bin/httpd,gcc,mpx_no_narrow_bounds,1,17,0,,712505,,,,35625.15,0.477,,,,17,,,,,,,,
bin/httpd,gcc,mpx_no_narrow_bounds,1,21,0,,917988,,,,45899.38,0.458,,,,21,,,,,,,,
bin/httpd,gcc,mpx_no_narrow_bounds,1,25,0,,956036,,,,47801.71,0.523,,,,25,,,,,,,,
bin/httpd,gcc,mpx_no_narrow_bounds,1,29,0,,918243,,,,45912.12,0.632,,,,29,,,,,,,,
bin/httpd,gcc,mpx_no_narrow_bounds,1,31,0,,960220,,,,48011.0,0.646,,,,31,,,,,,,,
bin/httpd,gcc,mpx_no_narrow_bounds,1,33,0,,916764,,,,45838.16,0.72,,,,33,,,,,,,,
bin/httpd,gcc,mpx_no_narrow_bounds,1,35,0,,909561,,,,45477.93,0.77,,,,35,,,,,,,,
bin/httpd,gcc,mpx_no_narrow_bounds_only_write,1,1,0,,26119,,,,1305.9,0.766,,,,1,,,,,,,,
bin/httpd,gcc,mpx_no_narrow_bounds_only_write,1,5,0,,162502,,,,8125.05,0.615,,,,5,,,,,,,,
bin/httpd,gcc,mpx_no_narrow_bounds_only_write,1,9,0,,338455,,,,16922.62,0.532,,,,9,,,,,,,,
bin/httpd,gcc,mpx_no_narrow_bounds_only_write,1,13,0,,497817,,,,24890.83,0.522,,,,13,,,,,,,,
bin/httpd,gcc,mpx_no_narrow_bounds_only_write,1,17,0,,694486,,,,34724.24,0.49,,,,17,,,,,,,,
bin/httpd,gcc,mpx_no_narrow_bounds_only_write,1,21,0,,791572,,,,39578.54,0.531,,,,21,,,,,,,,
bin/httpd,gcc,mpx_no_narrow_bounds_only_write,1,25,0,,758384,,,,37918.94,0.659,,,,25,,,,,,,,
bin/httpd,gcc,mpx_no_narrow_bounds_only_write,1,29,0,,825888,,,,41294.12,0.702,,,,29,,,,,,,,
bin/httpd,gcc,mpx_no_narrow_bounds_only_write,1,31,0,,857010,,,,42850.48,0.723,,,,31,,,,,,,,
bin/httpd,gcc,mpx_no_narrow_bounds_only_write,1,33,0,,849947,,,,42496.93,0.777,,,,33,,,,,,,,
bin/httpd,gcc,mpx_no_narrow_bounds_only_write,1,35,0,,825022,,,,41250.68,0.848,,,,35,,,,,,,,
bin/httpd,icc,mpx_no_narrow_bounds,1,1,0,,28334,,,,1416.67,0.706,,,,1,,,,,,,,
bin/httpd,icc,mpx_no_narrow_bounds,1,5,0,,175972,,,,8798.49,0.568,,,,5,,,,,,,,
bin/httpd,icc,mpx_no_narrow_bounds,1,9,0,,340452,,,,17022.51,0.529,,,,9,,,,,,,,
bin/httpd,icc,mpx_no_narrow_bounds,1,13,0,,528313,,,,26415.61,0.492,,,,13,,,,,,,,
bin/httpd,icc,mpx_no_narrow_bounds,1,17,0,,684991,,,,34249.48,0.496,,,,17,,,,,,,,
bin/httpd,icc,mpx_no_narrow_bounds,1,21,0,,911273,,,,45563.56,0.461,,,,21,,,,,,,,
bin/httpd,icc,mpx_no_narrow_bounds,1,25,0,,967395,,,,48369.71,0.517,,,,25,,,,,,,,
bin/httpd,icc,mpx_no_narrow_bounds,1,29,0,,947396,,,,47369.64,0.612,,,,29,,,,,,,,
bin/httpd,icc,mpx_no_narrow_bounds,1,31,0,,946385,,,,47319.16,0.655,,,,31,,,,,,,,
bin/httpd,icc,mpx_no_narrow_bounds,1,33,0,,968953,,,,48447.52,0.681,,,,33,,,,,,,,
bin/httpd,icc,mpx_no_narrow_bounds,1,35,0,,944090,,,,47204.44,0.741,,,,35,,,,,,,,
bin/httpd,icc,mpx_no_narrow_bounds_only_write,1,1,0,,27173,,,,1358.62,0.736,,,,1,,,,,,,,
bin/httpd,icc,mpx_no_narrow_bounds_only_write,1,5,0,,146665,,,,7333.23,0.682,,,,5,,,,,,,,
bin/httpd,icc,mpx_no_narrow_bounds_only_write,1,9,0,,326743,,,,16337.13,0.551,,,,9,,,,,,,,
bin/httpd,icc,mpx_no_narrow_bounds_only_write,1,13,0,,461122,,,,23055.98,0.564,,,,13,,,,,,,,
bin/httpd,icc,mpx_no_narrow_bounds_only_write,1,17,0,,594445,,,,29721.96,0.572,,,,17,,,,,,,,
bin/httpd,icc,mpx_no_narrow_bounds_only_write,1,21,0,,656945,,,,32846.79,0.639,,,,21,,,,,,,,
bin/httpd,icc,mpx_no_narrow_bounds_only_write,1,25,0,,764557,,,,38227.51,0.654,,,,25,,,,,,,,
bin/httpd,icc,mpx_no_narrow_bounds_only_write,1,29,0,,740971,,,,37048.5,0.783,,,,29,,,,,,,,
bin/httpd,icc,mpx_no_narrow_bounds_only_write,1,31,0,,795105,,,,39754.75,0.78,,,,31,,,,,,,,
bin/httpd,icc,mpx_no_narrow_bounds_only_write,1,33,0,,824719,,,,41235.5,0.8,,,,33,,,,,,,,
bin/httpd,icc,mpx_no_narrow_bounds_only_write,1,35,0,,805611,,,,40280.5,0.869,,,,35,,,,,,,,
bin/httpd,gcc,asan,1,1,0,,29917,,,,1495.84,0.669,,,,1,,,,,,,,
bin/httpd,gcc,asan,1,5,0,,179427,,,,8971.34,0.557,,,,5,,,,,,,,
bin/httpd,gcc,asan,1,9,0,,332875,,,,16643.5,0.541,,,,9,,,,,,,,
bin/httpd,gcc,asan,1,13,0,,500235,,,,25011.72,0.52,,,,13,,,,,,,,
bin/httpd,gcc,asan,1,17,0,,614754,,,,30737.69,0.553,,,,17,,,,,,,,
bin/httpd,gcc,asan,1,21,0,,815784,,,,40789.13,0.515,,,,21,,,,,,,,
bin/httpd,gcc,asan,1,25,5,,886828,,,,44341.34,0.564,,,,25,,,,,,,,
bin/httpd,gcc,asan,1,29,14,,861303,,,,43065.08,0.673,,,,29,,,,,,,,
bin/httpd,gcc,asan,1,31,67,,899780,,,,44988.99,0.689,,,,31,,,,,,,,
bin/httpd,gcc,asan,1,33,0,,922372,,,,46118.37,0.716,,,,33,,,,,,,,
bin/httpd,gcc,asan,1,35,34,,916663,,,,45833.02,0.764,,,,35,,,,,,,,
bin/httpd,clang,asan,1,1,0,,27407,,,,1370.32,0.73,,,,1,,,,,,,,
bin/httpd,clang,asan,1,5,0,,174056,,,,8702.78,0.575,,,,5,,,,,,,,
bin/httpd,clang,asan,1,9,0,,339018,,,,16950.8,0.531,,,,9,,,,,,,,
bin/httpd,clang,asan,1,13,0,,532319,,,,26615.93,0.488,,,,13,,,,,,,,
bin/httpd,clang,asan,1,17,0,,678905,,,,33945.24,0.501,,,,17,,,,,,,,
bin/httpd,clang,asan,1,21,0,,896400,,,,44819.99,0.469,,,,21,,,,,,,,
bin/httpd,clang,asan,1,25,0,,963418,,,,48170.88,0.519,,,,25,,,,,,,,
bin/httpd,clang,asan,1,29,17,,910514,,,,45525.61,0.637,,,,29,,,,,,,,
bin/httpd,clang,asan,1,31,12,,899582,,,,44979.04,0.689,,,,31,,,,,,,,
bin/httpd,clang,asan,1,33,0,,956950,,,,47847.39,0.69,,,,33,,,,,,,,
bin/httpd,clang,asan,1,35,15,,946886,,,,47344.26,0.739,,,,35,,,,,,,,
bin/httpd,gcc,asan_only_write,1,1,0,,42757,,,,2137.84,0.468,,,,1,,,,,,,,
bin/httpd,gcc,asan_only_write,1,5,0,,172797,,,,8639.75,0.579,,,,5,,,,,,,,
bin/httpd,gcc,asan_only_write,1,9,0,,332198,,,,16609.81,0.542,,,,9,,,,,,,,
bin/httpd,gcc,asan_only_write,1,13,0,,521487,,,,26074.34,0.499,,,,13,,,,,,,,
bin/httpd,gcc,asan_only_write,1,17,0,,730407,,,,36520.33,0.465,,,,17,,,,,,,,
bin/httpd,gcc,asan_only_write,1,21,0,,894395,,,,44719.69,0.47,,,,21,,,,,,,,
bin/httpd,gcc,asan_only_write,1,25,0,,939565,,,,46978.21,0.532,,,,25,,,,,,,,
bin/httpd,gcc,asan_only_write,1,29,0,,935056,,,,46752.68,0.62,,,,29,,,,,,,,
bin/httpd,gcc,asan_only_write,1,31,0,,967896,,,,48394.74,0.641,,,,31,,,,,,,,
bin/httpd,gcc,asan_only_write,1,33,1,,959503,,,,47975.11,0.688,,,,33,,,,,,,,
bin/httpd,gcc,asan_only_write,1,35,0,,952464,,,,47623.2,0.735,,,,35,,,,,,,,
bin/httpd,gcc,native,1,1,0,,33054,,,,1652.65,0.605,,,,1,,,,,,,,
bin/httpd,gcc,native,1,5,0,,179306,,,,8965.28,0.558,,,,5,,,,,,,,
bin/httpd,gcc,native,1,9,0,,333701,,,,16685.04,0.539,,,,9,,,,,,,,
bin/httpd,gcc,native,1,13,0,,512549,,,,25627.19,0.507,,,,13,,,,,,,,
bin/httpd,gcc,native,1,17,0,,708367,,,,35418.32,0.48,,,,17,,,,,,,,
bin/httpd,gcc,native,1,21,0,,730638,,,,36531.88,0.575,,,,21,,,,,,,,
bin/httpd,gcc,native,1,25,0,,889343,,,,44466.91,0.562,,,,25,,,,,,,,
bin/httpd,gcc,native,1,29,0,,904587,,,,45229.28,0.641,,,,29,,,,,,,,
bin/httpd,gcc,native,1,31,0,,908060,,,,45402.48,0.683,,,,31,,,,,,,,
bin/httpd,gcc,native,1,33,0,,897448,,,,44872.18,0.735,,,,33,,,,,,,,
bin/httpd,gcc,native,1,35,0,,929715,,,,46485.68,0.753,,,,35,,,,,,,,
bin/httpd,icc,native,1,1,0,,31603,,,,1580.12,0.633,,,,1,,,,,,,,
bin/httpd,icc,native,1,5,0,,171418,,,,8570.82,0.583,,,,5,,,,,,,,
bin/httpd,icc,native,1,9,0,,337430,,,,16871.44,0.533,,,,9,,,,,,,,
bin/httpd,icc,native,1,13,0,,548259,,,,27412.93,0.474,,,,13,,,,,,,,
bin/httpd,icc,native,1,17,0,,779748,,,,38987.33,0.436,,,,17,,,,,,,,
bin/httpd,icc,native,1,21,0,,973200,,,,48659.89,0.432,,,,21,,,,,,,,
bin/httpd,icc,native,1,25,0,,1000000,,,,50364.39,0.496,,,,25,,,,,,,,
bin/httpd,icc,native,1,29,0,,970298,,,,48514.79,0.598,,,,29,,,,,,,,
bin/httpd,icc,native,1,31,0,,977771,,,,48888.46,0.634,,,,31,,,,,,,,
bin/httpd,icc,native,1,33,0,,1000000,,,,50505.32,0.653,,,,33,,,,,,,,
bin/httpd,icc,native,1,35,0,,1000000,,,,50259.74,0.696,,,,35,,,,,,,,
bin/httpd,clang,native,1,1,0,,31048,,,,1552.39,0.644,,,,1,,,,,,,,
bin/httpd,clang,native,1,5,0,,159608,,,,7980.27,0.627,,,,5,,,,,,,,
bin/httpd,clang,native,1,9,0,,348070,,,,17403.47,0.517,,,,9,,,,,,,,
bin/httpd,clang,native,1,13,0,,517626,,,,25881.07,0.502,,,,13,,,,,,,,
bin/httpd,clang,native,1,17,0,,684412,,,,34220.31,0.497,,,,17,,,,,,,,
bin/httpd,clang,native,1,21,0,,845585,,,,42279.18,0.497,,,,21,,,,,,,,
bin/httpd,clang,native,1,25,0,,808081,,,,40404.0,0.619,,,,25,,,,,,,,
bin/httpd,clang,native,1,29,0,,888570,,,,44427.96,0.653,,,,29,,,,,,,,
bin/httpd,clang,native,1,31,0,,867129,,,,43356.42,0.715,,,,31,,,,,,,,
bin/httpd,clang,native,1,33,0,,875804,,,,43789.88,0.754,,,,33,,,,,,,,
bin/httpd,clang,native,1,35,0,,908366,,,,45417.99,0.771,,,,35,,,,,,,,
bin/httpd,gcc,mpx_no_narrow_bounds,1,1,0,,25820,,,,1290.95,0.775,,,,1,,,,,,,,
bin/httpd,gcc,mpx_no_narrow_bounds,1,5,0,,176969,,,,8848.36,0.565,,,,5,,,,,,,,
bin/httpd,gcc,mpx_no_narrow_bounds,1,9,0,,341378,,,,17068.78,0.527,,,,9,,,,,,,,
bin/httpd,gcc,mpx_no_narrow_bounds,1,13,0,,501343,,,,25067.12,0.519,,,,13,,,,,,,,
bin/httpd,gcc,mpx_no_narrow_bounds,1,17,0,,682528,,,,34126.37,0.498,,,,17,,,,,,,,
bin/httpd,gcc,mpx_no_narrow_bounds,1,21,0,,771706,,,,38585.26,0.544,,,,21,,,,,,,,
bin/httpd,gcc,mpx_no_narrow_bounds,1,25,0,,779129,,,,38956.27,0.642,,,,25,,,,,,,,
bin/httpd,gcc,mpx_no_narrow_bounds,1,29,0,,860923,,,,43045.93,0.674,,,,29,,,,,,,,
bin/httpd,gcc,mpx_no_narrow_bounds,1,31,0,,852082,,,,42604.09,0.728,,,,31,,,,,,,,
bin/httpd,gcc,mpx_no_narrow_bounds,1,33,0,,841326,,,,42065.98,0.784,,,,33,,,,,,,,
bin/httpd,gcc,mpx_no_narrow_bounds,1,35,17,,850590,,,,42529.25,0.823,,,,35,,,,,,,,
bin/httpd,gcc,mpx_no_narrow_bounds_only_write,1,1,0,,29484,,,,1474.15,0.678,,,,1,,,,,,,,
bin/httpd,gcc,mpx_no_narrow_bounds_only_write,1,5,0,,178735,,,,8936.59,0.559,,,,5,,,,,,,,
bin/httpd,gcc,mpx_no_narrow_bounds_only_write,1,9,0,,344860,,,,17242.93,0.522,,,,9,,,,,,,,
bin/httpd,gcc,mpx_no_narrow_bounds_only_write,1,13,0,,498110,,,,24905.45,0.522,,,,13,,,,,,,,
bin/httpd,gcc,mpx_no_narrow_bounds_only_write,1,17,0,,693906,,,,34695.23,0.49,,,,17,,,,,,,,
bin/httpd,gcc,mpx_no_narrow_bounds_only_write,1,21,0,,839141,,,,41957.0,0.501,,,,21,,,,,,,,
bin/httpd,gcc,mpx_no_narrow_bounds_only_write,1,25,0,,923694,,,,46184.64,0.541,,,,25,,,,,,,,
bin/httpd,gcc,mpx_no_narrow_bounds_only_write,1,29,0,,951615,,,,47580.64,0.609,,,,29,,,,,,,,
bin/httpd,gcc,mpx_no_narrow_bounds_only_write,1,31,0,,964515,,,,48225.72,0.643,,,,31,,,,,,,,
bin/httpd,gcc,mpx_no_narrow_bounds_only_write,1,33,4,,957768,,,,47888.35,0.689,,,,33,,,,,,,,
bin/httpd,gcc,mpx_no_narrow_bounds_only_write,1,35,0,,941259,,,,47062.84,0.744,,,,35,,,,,,,,
bin/httpd,icc,mpx_no_narrow_bounds,1,1,0,,26202,,,,1310.07,0.763,,,,1,,,,,,,,
bin/httpd,icc,mpx_no_narrow_bounds,1,5,0,,162836,,,,8141.76,0.614,,,,5,,,,,,,,
bin/httpd,icc,mpx_no_narrow_bounds,1,9,0,,336779,,,,16838.68,0.534,,,,9,,,,,,,,
bin/httpd,icc,mpx_no_narrow_bounds,1,13,0,,523006,,,,26150.07,0.497,,,,13,,,,,,,,
bin/httpd,icc,mpx_no_narrow_bounds,1,17,0,,677497,,,,33874.6,0.502,,,,17,,,,,,,,
bin/httpd,icc,mpx_no_narrow_bounds,1,21,0,,792278,,,,39613.55,0.53,,,,21,,,,,,,,
bin/httpd,icc,mpx_no_narrow_bounds,1,25,0,,768556,,,,38427.54,0.651,,,,25,,,,,,,,
bin/httpd,icc,mpx_no_narrow_bounds,1,29,0,,829357,,,,41467.11,0.699,,,,29,,,,,,,,
bin/httpd,icc,mpx_no_narrow_bounds,1,31,0,,874945,,,,43747.19,0.709,,,,31,,,,,,,,
bin/httpd,icc,mpx_no_narrow_bounds,1,33,0,,890219,,,,44510.54,0.741,,,,33,,,,,,,,
bin/httpd,icc,mpx_no_narrow_bounds,1,35,0,,852895,,,,42644.2,0.821,,,,35,,,,,,,,
bin/httpd,icc,mpx_no_narrow_bounds_only_write,1,1,0,,29116,,,,1455.76,0.687,,,,1,,,,,,,,
bin/httpd,icc,mpx_no_narrow_bounds_only_write,1,5,0,,179998,,,,8999.77,0.556,,,,5,,,,,,,,
bin/httpd,icc,mpx_no_narrow_bounds_only_write,1,9,0,,342690,,,,17134.49,0.525,,,,9,,,,,,,,
bin/httpd,icc,mpx_no_narrow_bounds_only_write,1,13,0,,481991,,,,24099.48,0.539,,,,13,,,,,,,,
bin/httpd,icc,mpx_no_narrow_bounds_only_write,1,17,0,,640128,,,,32006.27,0.531,,,,17,,,,,,,,
bin/httpd,icc,mpx_no_narrow_bounds_only_write,1,21,0,,801641,,,,40082.03,0.524,,,,21,,,,,,,,
bin/httpd,icc,mpx_no_narrow_bounds_only_write,1,25,0,,823189,,,,41159.24,0.607,,,,25,,,,,,,,
bin/httpd,icc,mpx_no_narrow_bounds_only_write,1,29,0,,932416,,,,46620.69,0.622,,,,29,,,,,,,,
bin/httpd,icc,mpx_no_narrow_bounds_only_write,1,31,0,,894991,,,,44749.41,0.693,,,,31,,,,,,,,
bin/httpd,icc,mpx_no_narrow_bounds_only_write,1,33,0,,900205,,,,45010.16,0.733,,,,33,,,,,,,,
bin/httpd,icc,mpx_no_narrow_bounds_only_write,1,35,0,,913345,,,,45667.2,0.766,,,,35,,,,,,,,
bin/httpd,gcc,asan,1,1,0,,27617,,,,1380.85,0.724,,,,1,,,,,,,,
bin/httpd,gcc,asan,1,5,0,,199284,,,,9964.17,0.502,,,,5,,,,,,,,
bin/httpd,gcc,asan,1,9,0,,325977,,,,16298.79,0.552,,,,9,,,,,,,,
bin/httpd,gcc,asan,1,13,0,,527955,,,,26397.5,0.492,,,,13,,,,,,,,
bin/httpd,gcc,asan,1,17,0,,676290,,,,33814.48,0.503,,,,17,,,,,,,,
bin/httpd,gcc,asan,1,21,0,,925429,,,,46271.43,0.454,,,,21,,,,,,,,
bin/httpd,gcc,asan,1,25,0,,988510,,,,49425.5,0.506,,,,25,,,,,,,,
bin/httpd,gcc,asan,1,29,0,,952818,,,,47640.8,0.609,,,,29,,,,,,,,
bin/httpd,gcc,asan,1,31,2,,917835,,,,45891.67,0.676,,,,31,,,,,,,,
bin/httpd,gcc,asan,1,33,0,,944688,,,,47234.34,0.699,,,,33,,,,,,,,
bin/httpd,gcc,asan,1,35,1,,929770,,,,46488.24,0.753,,,,35,,,,,,,,
bin/httpd,clang,asan,1,1,0,,27158,,,,1357.88,0.736,,,,1,,,,,,,,
bin/httpd,clang,asan,1,5,0,,175986,,,,8799.28,0.568,,,,5,,,,,,,,
bin/httpd,clang,asan,1,9,0,,348550,,,,17427.44,0.516,,,,9,,,,,,,,
bin/httpd,clang,asan,1,13,0,,520958,,,,26047.87,0.499,,,,13,,,,,,,,
bin/httpd,clang,asan,1,17,0,,709576,,,,35478.76,0.479,,,,17,,,,,,,,
bin/httpd,clang,asan,1,21,0,,900331,,,,45016.47,0.466,,,,21,,,,,,,,
bin/httpd,clang,asan,1,25,0,,955368,,,,47768.37,0.523,,,,25,,,,,,,,
bin/httpd,clang,asan,1,29,0,,936290,,,,46814.44,0.619,,,,29,,,,,,,,
bin/httpd,clang,asan,1,31,0,,961218,,,,48060.89,0.645,,,,31,,,,,,,,
bin/httpd,clang,asan,1,33,21,,948741,,,,47437.03,0.696,,,,33,,,,,,,,
bin/httpd,clang,asan,1,35,0,,919530,,,,45976.48,0.761,,,,35,,,,,,,,
bin/httpd,gcc,asan_only_write,1,1,0,,27946,,,,1397.27,0.716,,,,1,,,,,,,,
bin/httpd,gcc,asan_only_write,1,5,0,,173197,,,,8659.68,0.577,,,,5,,,,,,,,
bin/httpd,gcc,asan_only_write,1,9,0,,346776,,,,17338.76,0.519,,,,9,,,,,,,,
bin/httpd,gcc,asan_only_write,1,13,0,,517757,,,,25887.83,0.502,,,,13,,,,,,,,
bin/httpd,gcc,asan_only_write,1,17,0,,709528,,,,35476.32,0.479,,,,17,,,,,,,,
bin/httpd,gcc,asan_only_write,1,21,0,,877208,,,,43860.38,0.479,,,,21,,,,,,,,
bin/httpd,gcc,asan_only_write,1,25,0,,997652,,,,49882.52,0.501,,,,25,,,,,,,,
bin/httpd,gcc,asan_only_write,1,29,0,,990994,,,,49549.62,0.585,,,,29,,,,,,,,
bin/httpd,gcc,asan_only_write,1,31,0,,984762,,,,49237.96,0.63,,,,31,,,,,,,,
bin/httpd,gcc,asan_only_write,1,33,0,,982718,,,,49135.84,0.672,,,,33,,,,,,,,
bin/httpd,gcc,asan_only_write,1,35,0,,966856,,,,48342.79,0.724,,,,35,,,,,,,,
bin/httpd,gcc,native,1,1,0,,35849,,,,1792.44,0.558,,,,1,,,,,,,,
bin/httpd,gcc,native,1,5,0,,175736,,,,8786.7,0.569,,,,5,,,,,,,,
bin/httpd,gcc,native,1,9,0,,333262,,,,16663.03,0.54,,,,9,,,,,,,,
bin/httpd,gcc,native,1,13,0,,525097,,,,26254.85,0.495,,,,13,,,,,,,,
bin/httpd,gcc,native,1,17,0,,731837,,,,36591.83,0.465,,,,17,,,,,,,,
bin/httpd,gcc,native,1,21,0,,874314,,,,43715.68,0.48,,,,21,,,,,,,,
bin/httpd,gcc,native,1,25,0,,976968,,,,48848.4,0.512,,,,25,,,,,,,,
bin/httpd,gcc,native,1,29,0,,969331,,,,48466.44,0.598,,,,29,,,,,,,,
bin/httpd,gcc,native,1,31,0,,937551,,,,46877.51,0.661,,,,31,,,,,,,,
bin/httpd,gcc,native,1,33,0,,948522,,,,47426.02,0.696,,,,33,,,,,,,,
bin/httpd,gcc,native,1,35,0,,972804,,,,48640.17,0.72,,,,35,,,,,,,,
bin/httpd,icc,native,1,1,0,,28892,,,,1444.6,0.692,,,,1,,,,,,,,
bin/httpd,icc,native,1,5,0,,162414,,,,8120.68,0.616,,,,5,,,,,,,,
bin/httpd,icc,native,1,9,0,,327815,,,,16390.61,0.549,,,,9,,,,,,,,
bin/httpd,icc,native,1,13,0,,499438,,,,24971.76,0.521,,,,13,,,,,,,,
bin/httpd,icc,native,1,17,0,,663068,,,,33153.31,0.513,,,,17,,,,,,,,
bin/httpd,icc,native,1,21,0,,741965,,,,37097.85,0.566,,,,21,,,,,,,,
bin/httpd,icc,native,1,25,0,,781831,,,,39091.44,0.64,,,,25,,,,,,,,
bin/httpd,icc,native,1,29,0,,771403,,,,38570.07,0.752,,,,29,,,,,,,,
bin/httpd,icc,native,1,31,0,,860748,,,,43037.0,0.72,,,,31,,,,,,,,
bin/httpd,icc,native,1,33,0,,856895,,,,42844.3,0.77,,,,33,,,,,,,,
bin/httpd,icc,native,1,35,0,,851367,,,,42567.8,0.822,,,,35,,,,,,,,
bin/httpd,clang,native,1,1,0,,28495,,,,1424.72,0.702,,,,1,,,,,,,,
bin/httpd,clang,native,1,5,0,,158879,,,,7943.79,0.629,,,,5,,,,,,,,
bin/httpd,clang,native,1,9,0,,343935,,,,17196.58,0.523,,,,9,,,,,,,,
bin/httpd,clang,native,1,13,0,,498261,,,,24912.98,0.522,,,,13,,,,,,,,
bin/httpd,clang,native,1,17,0,,723488,,,,36174.39,0.47,,,,17,,,,,,,,
bin/httpd,clang,native,1,21,0,,759213,,,,37960.56,0.553,,,,21,,,,,,,,
bin/httpd,clang,native,1,25,0,,801618,,,,40080.55,0.624,,,,25,,,,,,,,
bin/httpd,clang,native,1,29,0,,828400,,,,41419.78,0.7,,,,29,,,,,,,,
bin/httpd,clang,native,1,31,0,,829948,,,,41497.2,0.747,,,,31,,,,,,,,
bin/httpd,clang,native,1,33,0,,842641,,,,42131.75,0.783,,,,33,,,,,,,,
bin/httpd,clang,native,1,35,0,,869090,,,,43454.03,0.805,,,,35,,,,,,,,
bin/httpd,gcc,mpx_no_narrow_bounds,1,1,0,,28497,,,,1424.84,0.702,,,,1,,,,,,,,
bin/httpd,gcc,mpx_no_narrow_bounds,1,5,0,,193447,,,,9672.33,0.517,,,,5,,,,,,,,
bin/httpd,gcc,mpx_no_narrow_bounds,1,9,0,,338228,,,,16911.37,0.532,,,,9,,,,,,,,
bin/httpd,gcc,mpx_no_narrow_bounds,1,13,0,,527740,,,,26386.97,0.493,,,,13,,,,,,,,
bin/httpd,gcc,mpx_no_narrow_bounds,1,17,0,,684806,,,,34240.27,0.496,,,,17,,,,,,,,
bin/httpd,gcc,mpx_no_narrow_bounds,1,21,0,,919271,,,,45963.47,0.457,,,,21,,,,,,,,
bin/httpd,gcc,mpx_no_narrow_bounds,1,25,0,,965546,,,,48277.19,0.518,,,,25,,,,,,,,
bin/httpd,gcc,mpx_no_narrow_bounds,1,29,0,,936805,,,,46840.22,0.619,,,,29,,,,,,,,
bin/httpd,gcc,mpx_no_narrow_bounds,1,31,0,,908900,,,,45444.96,0.682,,,,31,,,,,,,,
bin/httpd,gcc,mpx_no_narrow_bounds,1,33,0,,934294,,,,46714.6,0.706,,,,33,,,,,,,,
bin/httpd,gcc,mpx_no_narrow_bounds,1,35,0,,921727,,,,46086.3,0.759,,,,35,,,,,,,,
bin/httpd,gcc,mpx_no_narrow_bounds_only_write,1,1,0,,28277,,,,1413.84,0.707,,,,1,,,,,,,,
bin/httpd,gcc,mpx_no_narrow_bounds_only_write,1,5,0,,187039,,,,9351.9,0.535,,,,5,,,,,,,,
bin/httpd,gcc,mpx_no_narrow_bounds_only_write,1,9,0,,349830,,,,17491.47,0.515,,,,9,,,,,,,,
bin/httpd,gcc,mpx_no_narrow_bounds_only_write,1,13,0,,526185,,,,26309.22,0.494,,,,13,,,,,,,,
bin/httpd,gcc,mpx_no_narrow_bounds_only_write,1,17,0,,725973,,,,36298.61,0.468,,,,17,,,,,,,,
bin/httpd,gcc,mpx_no_narrow_bounds_only_write,1,21,0,,947926,,,,47396.26,0.443,,,,21,,,,,,,,
bin/httpd,gcc,mpx_no_narrow_bounds_only_write,1,25,0,,1000000,,,,50628.77,0.494,,,,25,,,,,,,,
bin/httpd,gcc,mpx_no_narrow_bounds_only_write,1,29,0,,1000000,,,,51223.9,0.566,,,,29,,,,,,,,
bin/httpd,gcc,mpx_no_narrow_bounds_only_write,1,31,0,,985718,,,,49285.76,0.629,,,,31,,,,,,,,
bin/httpd,gcc,mpx_no_narrow_bounds_only_write,1,33,0,,1000000,,,,50776.95,0.65,,,,33,,,,,,,,
bin/httpd,gcc,mpx_no_narrow_bounds_only_write,1,35,0,,983475,,,,49173.66,0.712,,,,35,,,,,,,,
bin/httpd,icc,mpx_no_narrow_bounds,1,1,0,,28871,,,,1443.55,0.693,,,,1,,,,,,,,
bin/httpd,icc,mpx_no_narrow_bounds,1,5,0,,175729,,,,8786.44,0.569,,,,5,,,,,,,,
bin/httpd,icc,mpx_no_narrow_bounds,1,9,0,,325797,,,,16289.64,0.552,,,,9,,,,,,,,
bin/httpd,icc,mpx_no_narrow_bounds,1,13,0,,505386,,,,25269.25,0.514,,,,13,,,,,,,,
bin/httpd,icc,mpx_no_narrow_bounds,1,17,0,,639046,,,,31951.97,0.532,,,,17,,,,,,,,
bin/httpd,icc,mpx_no_narrow_bounds,1,21,0,,863187,,,,43159.08,0.487,,,,21,,,,,,,,
bin/httpd,icc,mpx_no_narrow_bounds,1,25,0,,861354,,,,43067.58,0.58,,,,25,,,,,,,,
bin/httpd,icc,mpx_no_narrow_bounds,1,29,0,,876504,,,,43825.18,0.662,,,,29,,,,,,,,
bin/httpd,icc,mpx_no_narrow_bounds,1,31,0,,900639,,,,45031.89,0.688,,,,31,,,,,,,,
bin/httpd,icc,mpx_no_narrow_bounds,1,33,0,,916763,,,,45837.46,0.72,,,,33,,,,,,,,
bin/httpd,icc,mpx_no_narrow_bounds,1,35,0,,912575,,,,45628.67,0.767,,,,35,,,,,,,,
bin/httpd,icc,mpx_no_narrow_bounds_only_write,1,1,0,,26578,,,,1328.9,0.753,,,,1,,,,,,,,
bin/httpd,icc,mpx_no_narrow_bounds_only_write,1,5,0,,155271,,,,7763.43,0.644,,,,5,,,,,,,,
bin/httpd,icc,mpx_no_narrow_bounds_only_write,1,9,0,,328550,,,,16427.49,0.548,,,,9,,,,,,,,
bin/httpd,icc,mpx_no_narrow_bounds_only_write,1,13,0,,521234,,,,26061.69,0.499,,,,13,,,,,,,,
bin/httpd,icc,mpx_no_narrow_bounds_only_write,1,17,0,,699544,,,,34977.14,0.486,,,,17,,,,,,,,
bin/httpd,icc,mpx_no_narrow_bounds_only_write,1,21,0,,861134,,,,43056.61,0.488,,,,21,,,,,,,,
bin/httpd,icc,mpx_no_narrow_bounds_only_write,1,25,0,,869884,,,,43494.15,0.575,,,,25,,,,,,,,
bin/httpd,icc,mpx_no_narrow_bounds_only_write,1,29,0,,884289,,,,44214.45,0.656,,,,29,,,,,,,,
bin/httpd,icc,mpx_no_narrow_bounds_only_write,1,31,0,,857640,,,,42881.74,0.723,,,,31,,,,,,,,
bin/httpd,icc,mpx_no_narrow_bounds_only_write,1,33,0,,903904,,,,45195.06,0.73,,,,33,,,,,,,,
bin/httpd,icc,mpx_no_narrow_bounds_only_write,1,35,0,,893046,,,,44652.04,0.784,,,,35,,,,,,,,
bin/httpd,gcc,asan,1,1,0,,26840,,,,1342.0,0.745,,,,1,,,,,,,,
bin/httpd,gcc,asan,1,5,0,,180865,,,,9043.11,0.553,,,,5,,,,,,,,
bin/httpd,gcc,asan,1,9,0,,340608,,,,17030.39,0.528,,,,9,,,,,,,,
bin/httpd,gcc,asan,1,13,0,,509231,,,,25461.49,0.511,,,,13,,,,,,,,
bin/httpd,gcc,asan,1,17,0,,678942,,,,33947.09,0.501,,,,17,,,,,,,,
bin/httpd,gcc,asan,1,21,0,,851031,,,,42551.51,0.494,,,,21,,,,,,,,
bin/httpd,gcc,asan,1,25,0,,887546,,,,44376.83,0.563,,,,25,,,,,,,,
bin/httpd,gcc,asan,1,29,0,,922710,,,,46135.41,0.629,,,,29,,,,,,,,
bin/httpd,gcc,asan,1,31,0,,905943,,,,45296.73,0.684,,,,31,,,,,,,,
bin/httpd,gcc,asan,1,33,0,,900069,,,,45003.36,0.733,,,,33,,,,,,,,
bin/httpd,gcc,asan,1,35,0,,891220,,,,44560.47,0.785,,,,35,,,,,,,,
bin/httpd,clang,asan,1,1,0,,23930,,,,1196.46,0.836,,,,1,,,,,,,,
bin/httpd,clang,asan,1,5,0,,155081,,,,7754.04,0.645,,,,5,,,,,,,,
bin/httpd,clang,asan,1,9,0,,332099,,,,16604.77,0.542,,,,9,,,,,,,,
bin/httpd,clang,asan,1,13,0,,517577,,,,25878.79,0.502,,,,13,,,,,,,,
bin/httpd,clang,asan,1,17,0,,655210,,,,32760.27,0.519,,,,17,,,,,,,,
bin/httpd,clang,asan,1,21,0,,773896,,,,38694.7,0.543,,,,21,,,,,,,,
bin/httpd,clang,asan,1,25,0,,825097,,,,41254.84,0.606,,,,25,,,,,,,,
bin/httpd,clang,asan,1,29,0,,867682,,,,43384.07,0.668,,,,29,,,,,,,,
bin/httpd,clang,asan,1,31,0,,882845,,,,44141.94,0.702,,,,31,,,,,,,,
bin/httpd,clang,asan,1,33,7,,839917,,,,41995.75,0.786,,,,33,,,,,,,,
bin/httpd,clang,asan,1,35,0,,855416,,,,42770.58,0.818,,,,35,,,,,,,,
bin/httpd,gcc,asan_only_write,1,1,0,,25442,,,,1272.07,0.786,,,,1,,,,,,,,
bin/httpd,gcc,asan_only_write,1,5,0,,145125,,,,7256.14,0.689,,,,5,,,,,,,,
bin/httpd,gcc,asan_only_write,1,9,0,,335250,,,,16762.49,0.537,,,,9,,,,,,,,
bin/httpd,gcc,asan_only_write,1,13,0,,507048,,,,25352.39,0.513,,,,13,,,,,,,,
bin/httpd,gcc,asan_only_write,1,17,0,,686428,,,,34321.23,0.495,,,,17,,,,,,,,
bin/httpd,gcc,asan_only_write,1,21,0,,787296,,,,39364.76,0.533,,,,21,,,,,,,,
bin/httpd,gcc,asan_only_write,1,25,0,,828053,,,,41402.63,0.604,,,,25,,,,,,,,
bin/httpd,gcc,asan_only_write,1,29,0,,891495,,,,44574.68,0.651,,,,29,,,,,,,,
bin/httpd,gcc,asan_only_write,1,31,0,,882173,,,,44108.41,0.703,,,,31,,,,,,,,
bin/httpd,gcc,asan_only_write,1,33,0,,876986,,,,43848.92,0.753,,,,33,,,,,,,,
bin/httpd,gcc,asan_only_write,1,35,0,,907423,,,,45364.71,0.772,,,,35,,,,,,,,
bin/httpd,gcc,native,1,1,0,,34049,,,,1702.42,0.587,,,,1,,,,,,,,
bin/httpd,gcc,native,1,5,0,,176948,,,,8847.4,0.565,,,,5,,,,,,,,
bin/httpd,gcc,native,1,9,0,,337805,,,,16890.24,0.533,,,,9,,,,,,,,
bin/httpd,gcc,native,1,13,0,,543716,,,,27185.73,0.478,,,,13,,,,,,,,
bin/httpd,gcc,native,1,17,0,,704536,,,,35226.74,0.483,,,,17,,,,,,,,
bin/httpd,gcc,native,1,21,0,,921231,,,,46061.5,0.456,,,,21,,,,,,,,
bin/httpd,gcc,native,1,25,0,,966389,,,,48319.36,0.517,,,,25,,,,,,,,
bin/httpd,gcc,native,1,29,0,,941654,,,,47082.6,0.616,,,,29,,,,,,,,
bin/httpd,gcc,native,1,31,0,,948669,,,,47433.41,0.654,,,,31,,,,,,,,
bin/httpd,gcc,native,1,33,0,,983593,,,,49179.48,0.671,,,,33,,,,,,,,
bin/httpd,gcc,native,1,35,0,,978309,,,,48915.38,0.716,,,,35,,,,,,,,
bin/httpd,icc,native,1,1,0,,39361,,,,1968.03,0.508,,,,1,,,,,,,,
bin/httpd,icc,native,1,5,0,,178902,,,,8945.04,0.559,,,,5,,,,,,,,
bin/httpd,icc,native,1,9,0,,339454,,,,16972.54,0.53,,,,9,,,,,,,,
bin/httpd,icc,native,1,13,0,,538753,,,,26937.65,0.483,,,,13,,,,,,,,
bin/httpd,icc,native,1,17,0,,712228,,,,35611.37,0.477,,,,17,,,,,,,,
bin/httpd,icc,native,1,21,0,,880930,,,,44046.47,0.477,,,,21,,,,,,,,
bin/httpd,icc,native,1,25,0,,955646,,,,47782.27,0.523,,,,25,,,,,,,,
bin/httpd,icc,native,1,29,0,,951247,,,,47562.13,0.61,,,,29,,,,,,,,
bin/httpd,icc,native,1,31,0,,939851,,,,46992.44,0.66,,,,31,,,,,,,,
bin/httpd,icc,native,1,33,0,,975114,,,,48755.57,0.677,,,,33,,,,,,,,
bin/httpd,icc,native,1,35,0,,975552,,,,48777.58,0.718,,,,35,,,,,,,,
bin/httpd,clang,native,1,1,0,,31137,,,,1556.8,0.642,,,,1,,,,,,,,
bin/httpd,clang,native,1,5,0,,174779,,,,8738.87,0.572,,,,5,,,,,,,,
bin/httpd,clang,native,1,9,0,,353541,,,,17676.14,0.509,,,,9,,,,,,,,
bin/httpd,clang,native,1,13,0,,535791,,,,26789.54,0.485,,,,13,,,,,,,,
bin/httpd,clang,native,1,17,0,,792668,,,,39633.15,0.429,,,,17,,,,,,,,
bin/httpd,clang,native,1,21,0,,901442,,,,45072.0,0.466,,,,21,,,,,,,,
bin/httpd,clang,native,1,25,0,,991358,,,,49567.8,0.504,,,,25,,,,,,,,
bin/httpd,clang,native,1,29,0,,1000000,,,,50912.16,0.57,,,,29,,,,,,,,
bin/httpd,clang,native,1,31,0,,1000000,,,,50300.25,0.616,,,,31,,,,,,,,
bin/httpd,clang,native,1,33,0,,984566,,,,49228.27,0.67,,,,33,,,,,,,,
bin/httpd,clang,native,1,35,0,,1000000,,,,51063.58,0.685,,,,35,,,,,,,,
bin/httpd,gcc,mpx_no_narrow_bounds,1,1,0,,27654,,,,1382.7,0.723,,,,1,,,,,,,,
bin/httpd,gcc,mpx_no_narrow_bounds,1,5,0,,185139,,,,9256.83,0.54,,,,5,,,,,,,,
bin/httpd,gcc,mpx_no_narrow_bounds,1,9,0,,348537,,,,17426.83,0.516,,,,9,,,,,,,,
bin/httpd,gcc,mpx_no_narrow_bounds,1,13,0,,518264,,,,25913.09,0.502,,,,13,,,,,,,,
bin/httpd,gcc,mpx_no_narrow_bounds,1,17,0,,704493,,,,35224.55,0.483,,,,17,,,,,,,,
bin/httpd,gcc,mpx_no_narrow_bounds,1,21,0,,915161,,,,45757.94,0.459,,,,21,,,,,,,,
bin/httpd,gcc,mpx_no_narrow_bounds,1,25,0,,949613,,,,47480.54,0.527,,,,25,,,,,,,,
bin/httpd,gcc,mpx_no_narrow_bounds,1,29,0,,955022,,,,47751.1,0.607,,,,29,,,,,,,,
bin/httpd,gcc,mpx_no_narrow_bounds,1,31,0,,934968,,,,46748.27,0.663,,,,31,,,,,,,,
bin/httpd,gcc,mpx_no_narrow_bounds,1,33,0,,921426,,,,46071.26,0.716,,,,33,,,,,,,,
bin/httpd,gcc,mpx_no_narrow_bounds,1,35,0,,894899,,,,44744.89,0.782,,,,35,,,,,,,,
bin/httpd,gcc,mpx_no_narrow_bounds_only_write,1,1,0,,29447,,,,1472.32,0.679,,,,1,,,,,,,,
bin/httpd,gcc,mpx_no_narrow_bounds_only_write,1,5,0,,177520,,,,8875.95,0.563,,,,5,,,,,,,,
bin/httpd,gcc,mpx_no_narrow_bounds_only_write,1,9,0,,337016,,,,16850.73,0.534,,,,9,,,,,,,,
bin/httpd,gcc,mpx_no_narrow_bounds_only_write,1,13,0,,477589,,,,23879.42,0.544,,,,13,,,,,,,,
bin/httpd,gcc,mpx_no_narrow_bounds_only_write,1,17,0,,620958,,,,31047.49,0.548,,,,17,,,,,,,,
bin/httpd,gcc,mpx_no_narrow_bounds_only_write,1,21,0,,786017,,,,39300.37,0.534,,,,21,,,,,,,,
bin/httpd,gcc,mpx_no_narrow_bounds_only_write,1,25,0,,905611,,,,45280.42,0.552,,,,25,,,,,,,,
bin/httpd,gcc,mpx_no_narrow_bounds_only_write,1,29,0,,916539,,,,45826.9,0.633,,,,29,,,,,,,,
bin/httpd,gcc,mpx_no_narrow_bounds_only_write,1,31,0,,917944,,,,45897.19,0.675,,,,31,,,,,,,,
bin/httpd,gcc,mpx_no_narrow_bounds_only_write,1,33,0,,893803,,,,44690.02,0.738,,,,33,,,,,,,,
bin/httpd,gcc,mpx_no_narrow_bounds_only_write,1,35,0,,949253,,,,47462.05,0.737,,,,35,,,,,,,,
bin/httpd,icc,mpx_no_narrow_bounds,1,1,0,,28984,,,,1449.2,0.69,,,,1,,,,,,,,
bin/httpd,icc,mpx_no_narrow_bounds,1,5,0,,176807,,,,8840.33,0.566,,,,5,,,,,,,,
bin/httpd,icc,mpx_no_narrow_bounds,1,9,0,,321271,,,,16063.53,0.56,,,,9,,,,,,,,
bin/httpd,icc,mpx_no_narrow_bounds,1,13,0,,463168,,,,23158.2,0.561,,,,13,,,,,,,,
bin/httpd,icc,mpx_no_narrow_bounds,1,17,0,,591340,,,,29566.97,0.575,,,,17,,,,,,,,
bin/httpd,icc,mpx_no_narrow_bounds,1,21,0,,734794,,,,36739.44,0.572,,,,21,,,,,,,,
bin/httpd,icc,mpx_no_narrow_bounds,1,25,0,,920618,,,,46030.87,0.543,,,,25,,,,,,,,
bin/httpd,icc,mpx_no_narrow_bounds,1,29,0,,910540,,,,45526.93,0.637,,,,29,,,,,,,,
bin/httpd,icc,mpx_no_narrow_bounds,1,31,0,,844035,,,,42201.25,0.735,,,,31,,,,,,,,
bin/httpd,icc,mpx_no_narrow_bounds,1,33,0,,900805,,,,45040.14,0.733,,,,33,,,,,,,,
bin/httpd,icc,mpx_no_narrow_bounds,1,35,0,,943816,,,,47190.78,0.742,,,,35,,,,,,,,
bin/httpd,icc,mpx_no_narrow_bounds_only_write,1,1,0,,27787,,,,1389.33,0.72,,,,1,,,,,,,,
bin/httpd,icc,mpx_no_narrow_bounds_only_write,1,5,0,,176344,,,,8817.17,0.567,,,,5,,,,,,,,
bin/httpd,icc,mpx_no_narrow_bounds_only_write,1,9,0,,323976,,,,16198.69,0.556,,,,9,,,,,,,,
bin/httpd,icc,mpx_no_narrow_bounds_only_write,1,13,0,,501357,,,,25067.66,0.519,,,,13,,,,,,,,
bin/httpd,icc,mpx_no_narrow_bounds_only_write,1,17,0,,753319,,,,37665.94,0.451,,,,17,,,,,,,,
bin/httpd,icc,mpx_no_narrow_bounds_only_write,1,21,0,,902579,,,,45128.94,0.465,,,,21,,,,,,,,
bin/httpd,icc,mpx_no_narrow_bounds_only_write,1,25,0,,941078,,,,47053.88,0.531,,,,25,,,,,,,,
bin/httpd,icc,mpx_no_narrow_bounds_only_write,1,29,0,,981350,,,,49067.43,0.591,,,,29,,,,,,,,
bin/httpd,icc,mpx_no_narrow_bounds_only_write,1,31,0,,995469,,,,49773.33,0.623,,,,31,,,,,,,,
bin/httpd,icc,mpx_no_narrow_bounds_only_write,1,33,0,,965893,,,,48294.56,0.683,,,,33,,,,,,,,
bin/httpd,icc,mpx_no_narrow_bounds_only_write,1,35,0,,950151,,,,47507.51,0.737,,,,35,,,,,,,,
bin/httpd,gcc,asan,1,1,0,,27937,,,,1396.8,0.716,,,,1,,,,,,,,
bin/httpd,gcc,asan,1,5,0,,171683,,,,8584.07,0.582,,,,5,,,,,,,,
bin/httpd,gcc,asan,1,9,0,,328087,,,,16404.28,0.549,,,,9,,,,,,,,
bin/httpd,gcc,asan,1,13,0,,527497,,,,26374.76,0.493,,,,13,,,,,,,,
bin/httpd,gcc,asan,1,17,0,,677942,,,,33897.09,0.502,,,,17,,,,,,,,
bin/httpd,gcc,asan,1,21,0,,903227,,,,45161.33,0.465,,,,21,,,,,,,,
bin/httpd,gcc,asan,1,25,0,,936206,,,,46810.22,0.534,,,,25,,,,,,,,
bin/httpd,gcc,asan,1,29,0,,938552,,,,46927.47,0.618,,,,29,,,,,,,,
bin/httpd,gcc,asan,1,31,0,,931318,,,,46565.78,0.666,,,,31,,,,,,,,
bin/httpd,gcc,asan,1,33,0,,960563,,,,48028.1,0.687,,,,33,,,,,,,,
bin/httpd,gcc,asan,1,35,0,,942559,,,,47127.87,0.743,,,,35,,,,,,,,
bin/httpd,clang,asan,1,1,0,,28682,,,,1434.06,0.697,,,,1,,,,,,,,
bin/httpd,clang,asan,1,5,0,,184135,,,,9206.74,0.543,,,,5,,,,,,,,
bin/httpd,clang,asan,1,9,0,,337671,,,,16883.55,0.533,,,,9,,,,,,,,
bin/httpd,clang,asan,1,13,0,,532116,,,,26605.79,0.489,,,,13,,,,,,,,
bin/httpd,clang,asan,1,17,0,,677658,,,,33882.85,0.502,,,,17,,,,,,,,
bin/httpd,clang,asan,1,21,0,,930364,,,,46518.18,0.451,,,,21,,,,,,,,
bin/httpd,clang,asan,1,25,0,,968801,,,,48440.05,0.516,,,,25,,,,,,,,
bin/httpd,clang,asan,1,29,0,,933021,,,,46651.03,0.622,,,,29,,,,,,,,
bin/httpd,clang,asan,1,31,8,,934748,,,,46737.39,0.663,,,,31,,,,,,,,
bin/httpd,clang,asan,1,33,0,,908006,,,,45400.19,0.727,,,,33,,,,,,,,
bin/httpd,clang,asan,1,35,1,,940895,,,,47044.73,0.744,,,,35,,,,,,,,
bin/httpd,gcc,asan_only_write,1,1,0,,31349,,,,1567.42,0.638,,,,1,,,,,,,,
bin/httpd,gcc,asan_only_write,1,5,0,,199003,,,,9950.12,0.503,,,,5,,,,,,,,
bin/httpd,gcc,asan_only_write,1,9,0,,337581,,,,16878.98,0.533,,,,9,,,,,,,,
bin/httpd,gcc,asan_only_write,1,13,0,,535023,,,,26751.08,0.486,,,,13,,,,,,,,
bin/httpd,gcc,asan_only_write,1,17,0,,694635,,,,34731.67,0.489,,,,17,,,,,,,,
bin/httpd,gcc,asan_only_write,1,21,0,,901137,,,,45056.8,0.466,,,,21,,,,,,,,
bin/httpd,gcc,asan_only_write,1,25,2,,1000000,,,,50250.01,0.498,,,,25,,,,,,,,
bin/httpd,gcc,asan_only_write,1,29,9,,994729,,,,49736.34,0.583,,,,29,,,,,,,,
bin/httpd,gcc,asan_only_write,1,31,16,,972398,,,,48619.77,0.638,,,,31,,,,,,,,
bin/httpd,gcc,asan_only_write,1,33,51,,1000000,,,,51698.44,0.638,,,,33,,,,,,,,
bin/httpd,gcc,asan_only_write,1,35,0,,1000000,,,,51077.61,0.685,,,,35,,,,,,,,
bin/httpd,gcc,native,1,1,0,,28199,,,,1409.94,0.709,,,,1,,,,,,,,
bin/httpd,gcc,native,1,5,0,,163963,,,,8198.09,0.61,,,,5,,,,,,,,
bin/httpd,gcc,native,1,9,0,,339988,,,,16999.33,0.529,,,,9,,,,,,,,
bin/httpd,gcc,native,1,13,0,,507253,,,,25362.45,0.513,,,,13,,,,,,,,
bin/httpd,gcc,native,1,17,0,,707485,,,,35374.19,0.481,,,,17,,,,,,,,
bin/httpd,gcc,native,1,21,0,,844827,,,,42241.31,0.497,,,,21,,,,,,,,
bin/httpd,gcc,native,1,25,0,,821688,,,,41084.22,0.609,,,,25,,,,,,,,
bin/httpd,gcc,native,1,29,0,,909658,,,,45482.26,0.638,,,,29,,,,,,,,
bin/httpd,gcc,native,1,31,0,,912719,,,,45635.82,0.679,,,,31,,,,,,,,
bin/httpd,gcc,native,1,33,0,,909017,,,,45450.42,0.726,,,,33,,,,,,,,
bin/httpd,gcc,native,1,35,0,,889725,,,,44485.9,0.787,,,,35,,,,,,,,
bin/httpd,icc,native,1,1,0,,37753,,,,1887.63,0.53,,,,1,,,,,,,,
bin/httpd,icc,native,1,5,0,,175480,,,,8773.83,0.57,,,,5,,,,,,,,
bin/httpd,icc,native,1,9,0,,344592,,,,17229.57,0.522,,,,9,,,,,,,,
bin/httpd,icc,native,1,13,0,,537522,,,,26876.08,0.484,,,,13,,,,,,,,
bin/httpd,icc,native,1,17,0,,741698,,,,37084.89,0.458,,,,17,,,,,,,,
bin/httpd,icc,native,1,21,0,,856293,,,,42814.59,0.49,,,,21,,,,,,,,
bin/httpd,icc,native,1,25,0,,972816,,,,48640.77,0.514,,,,25,,,,,,,,
bin/httpd,icc,native,1,29,0,,956786,,,,47839.28,0.606,,,,29,,,,,,,,
bin/httpd,icc,native,1,31,0,,951737,,,,47586.82,0.651,,,,31,,,,,,,,
bin/httpd,icc,native,1,33,0,,940030,,,,47001.47,0.702,,,,33,,,,,,,,
bin/httpd,icc,native,1,35,0,,983179,,,,49158.91,0.712,,,,35,,,,,,,,
bin/httpd,clang,native,1,1,0,,42766,,,,2138.25,0.468,,,,1,,,,,,,,
bin/httpd,clang,native,1,5,0,,186389,,,,9319.44,0.537,,,,5,,,,,,,,
bin/httpd,clang,native,1,9,0,,345511,,,,17275.55,0.521,,,,9,,,,,,,,
bin/httpd,clang,native,1,13,0,,560526,,,,28026.27,0.464,,,,13,,,,,,,,
bin/httpd,clang,native,1,17,0,,733547,,,,36677.34,0.464,,,,17,,,,,,,,
bin/httpd,clang,native,1,21,0,,982726,,,,49136.17,0.427,,,,21,,,,,,,,
bin/httpd,clang,native,1,25,0,,974463,,,,48723.12,0.513,,,,25,,,,,,,,
bin/httpd,clang,native,1,29,0,,988831,,,,49441.47,0.587,,,,29,,,,,,,,
bin/httpd,clang,native,1,31,0,,989174,,,,49458.57,0.627,,,,31,,,,,,,,
bin/httpd,clang,native,1,33,0,,985781,,,,49288.98,0.67,,,,33,,,,,,,,
bin/httpd,clang,native,1,35,0,,1000000,,,,51100.61,0.685,,,,35,,,,,,,,
bin/httpd,gcc,mpx_no_narrow_bounds,1,1,0,,28979,,,,1448.93,0.69,,,,1,,,,,,,,
bin/httpd,gcc,mpx_no_narrow_bounds,1,5,0,,206094,,,,10304.6,0.485,,,,5,,,,,,,,
bin/httpd,gcc,mpx_no_narrow_bounds,1,9,0,,337751,,,,16887.53,0.533,,,,9,,,,,,,,
bin/httpd,gcc,mpx_no_narrow_bounds,1,13,0,,531079,,,,26553.88,0.49,,,,13,,,,,,,,
bin/httpd,gcc,mpx_no_narrow_bounds,1,17,0,,689061,,,,34453.05,0.493,,,,17,,,,,,,,
bin/httpd,gcc,mpx_no_narrow_bounds,1,21,0,,929559,,,,46477.92,0.452,,,,21,,,,,,,,
bin/httpd,gcc,mpx_no_narrow_bounds,1,25,0,,977398,,,,48869.82,0.512,,,,25,,,,,,,,
bin/httpd,gcc,mpx_no_narrow_bounds,1,29,0,,939627,,,,46981.29,0.617,,,,29,,,,,,,,
bin/httpd,gcc,mpx_no_narrow_bounds,1,31,0,,915270,,,,45763.46,0.677,,,,31,,,,,,,,
bin/httpd,gcc,mpx_no_narrow_bounds,1,33,0,,884585,,,,44229.13,0.746,,,,33,,,,,,,,
bin/httpd,gcc,mpx_no_narrow_bounds,1,35,0,,883796,,,,44189.74,0.792,,,,35,,,,,,,,
bin/httpd,gcc,mpx_no_narrow_bounds_only_write,1,1,0,,29260,,,,1462.98,0.684,,,,1,,,,,,,,
bin/httpd,gcc,mpx_no_narrow_bounds_only_write,1,5,0,,175490,,,,8774.39,0.57,,,,5,,,,,,,,
bin/httpd,gcc,mpx_no_narrow_bounds_only_write,1,9,0,,331146,,,,16557.18,0.544,,,,9,,,,,,,,
bin/httpd,gcc,mpx_no_narrow_bounds_only_write,1,13,0,,462409,,,,23120.41,0.562,,,,13,,,,,,,,
bin/httpd,gcc,mpx_no_narrow_bounds_only_write,1,17,0,,612973,,,,30648.39,0.555,,,,17,,,,,,,,
bin/httpd,gcc,mpx_no_narrow_bounds_only_write,1,21,0,,760519,,,,38025.42,0.552,,,,21,,,,,,,,
bin/httpd,gcc,mpx_no_narrow_bounds_only_write,1,25,0,,857689,,,,42884.35,0.583,,,,25,,,,,,,,
bin/httpd,gcc,mpx_no_narrow_bounds_only_write,1,29,0,,868815,,,,43440.69,0.668,,,,29,,,,,,,,
bin/httpd,gcc,mpx_no_narrow_bounds_only_write,1,31,0,,909470,,,,45473.23,0.682,,,,31,,,,,,,,
bin/httpd,gcc,mpx_no_narrow_bounds_only_write,1,33,0,,895294,,,,44764.7,0.737,,,,33,,,,,,,,
bin/httpd,gcc,mpx_no_narrow_bounds_only_write,1,35,0,,825516,,,,41275.38,0.848,,,,35,,,,,,,,
bin/httpd,icc,mpx_no_narrow_bounds,1,1,0,,24936,,,,1246.78,0.802,,,,1,,,,,,,,
bin/httpd,icc,mpx_no_narrow_bounds,1,5,0,,150157,,,,7507.66,0.666,,,,5,,,,,,,,
bin/httpd,icc,mpx_no_narrow_bounds,1,9,0,,323798,,,,16189.87,0.556,,,,9,,,,,,,,
bin/httpd,icc,mpx_no_narrow_bounds,1,13,0,,484432,,,,24221.5,0.537,,,,13,,,,,,,,
bin/httpd,icc,mpx_no_narrow_bounds,1,17,0,,658453,,,,32922.35,0.516,,,,17,,,,,,,,
bin/httpd,icc,mpx_no_narrow_bounds,1,21,0,,789001,,,,39449.94,0.532,,,,21,,,,,,,,
bin/httpd,icc,mpx_no_narrow_bounds,1,25,0,,792483,,,,39623.83,0.631,,,,25,,,,,,,,
bin/httpd,icc,mpx_no_narrow_bounds,1,29,0,,834859,,,,41742.9,0.695,,,,29,,,,,,,,
bin/httpd,icc,mpx_no_narrow_bounds,1,31,0,,828849,,,,41442.43,0.748,,,,31,,,,,,,,
bin/httpd,icc,mpx_no_narrow_bounds,1,33,0,,872508,,,,43624.97,0.756,,,,33,,,,,,,,
bin/httpd,icc,mpx_no_narrow_bounds,1,35,0,,823924,,,,41195.75,0.85,,,,35,,,,,,,,
bin/httpd,icc,mpx_no_narrow_bounds_only_write,1,1,0,,29177,,,,1458.84,0.685,,,,1,,,,,,,,
bin/httpd,icc,mpx_no_narrow_bounds_only_write,1,5,0,,179879,,,,8993.8,0.556,,,,5,,,,,,,,
bin/httpd,icc,mpx_no_narrow_bounds_only_write,1,9,0,,319334,,,,15966.68,0.564,,,,9,,,,,,,,
bin/httpd,icc,mpx_no_narrow_bounds_only_write,1,13,0,,467173,,,,23358.49,0.557,,,,13,,,,,,,,
bin/httpd,icc,mpx_no_narrow_bounds_only_write,1,17,0,,565589,,,,28279.08,0.601,,,,17,,,,,,,,
bin/httpd,icc,mpx_no_narrow_bounds_only_write,1,21,0,,741256,,,,37062.38,0.567,,,,21,,,,,,,,
bin/httpd,icc,mpx_no_narrow_bounds_only_write,1,25,0,,856292,,,,42814.56,0.584,,,,25,,,,,,,,
bin/httpd,icc,mpx_no_narrow_bounds_only_write,1,29,0,,888083,,,,44404.11,0.653,,,,29,,,,,,,,
bin/httpd,icc,mpx_no_narrow_bounds_only_write,1,31,0,,928341,,,,46416.96,0.668,,,,31,,,,,,,,
bin/httpd,icc,mpx_no_narrow_bounds_only_write,1,33,0,,941332,,,,47066.55,0.701,,,,33,,,,,,,,
bin/httpd,icc,mpx_no_narrow_bounds_only_write,1,35,0,,927666,,,,46383.19,0.755,,,,35,,,,,,,,
bin/httpd,gcc,asan,1,1,0,,28005,,,,1400.21,0.714,,,,1,,,,,,,,
bin/httpd,gcc,asan,1,5,0,,172306,,,,8615.28,0.58,,,,5,,,,,,,,
bin/httpd,gcc,asan,1,9,0,,334742,,,,16736.94,0.538,,,,9,,,,,,,,
bin/httpd,gcc,asan,1,13,0,,493373,,,,24668.61,0.527,,,,13,,,,,,,,
bin/httpd,gcc,asan,1,17,0,,601646,,,,30082.18,0.565,,,,17,,,,,,,,
bin/httpd,gcc,asan,1,21,0,,784314,,,,39215.62,0.536,,,,21,,,,,,,,
bin/httpd,gcc,asan,1,25,0,,890740,,,,44536.97,0.561,,,,25,,,,,,,,
bin/httpd,gcc,asan,1,29,0,,893798,,,,44689.53,0.649,,,,29,,,,,,,,
bin/httpd,gcc,asan,1,31,0,,867651,,,,43382.51,0.715,,,,31,,,,,,,,
bin/httpd,gcc,asan,1,33,0,,891813,,,,44590.19,0.74,,,,33,,,,,,,,
bin/httpd,gcc,asan,1,35,2,,908086,,,,45404.21,0.771,,,,35,,,,,,,,
bin/httpd,clang,asan,1,1,0,,23983,,,,1199.11,0.834,,,,1,,,,,,,,
bin/httpd,clang,asan,1,5,0,,145123,,,,7256.13,0.689,,,,5,,,,,,,,
bin/httpd,clang,asan,1,9,0,,329900,,,,16494.96,0.546,,,,9,,,,,,,,
bin/httpd,clang,asan,1,13,0,,515483,,,,25774.01,0.504,,,,13,,,,,,,,
bin/httpd,clang,asan,1,17,0,,671272,,,,33563.59,0.507,,,,17,,,,,,,,
bin/httpd,clang,asan,1,21,0,,879565,,,,43978.16,0.478,,,,21,,,,,,,,
bin/httpd,clang,asan,1,25,0,,891146,,,,44557.24,0.561,,,,25,,,,,,,,
bin/httpd,clang,asan,1,29,0,,865772,,,,43288.56,0.67,,,,29,,,,,,,,
bin/httpd,clang,asan,1,31,0,,864247,,,,43211.98,0.717,,,,31,,,,,,,,
bin/httpd,clang,asan,1,33,0,,895167,,,,44758.34,0.737,,,,33,,,,,,,,
bin/httpd,clang,asan,1,35,25,,873195,,,,43659.7,0.802,,,,35,,,,,,,,
bin/httpd,gcc,asan_only_write,1,1,0,,32255,,,,1612.7,0.62,,,,1,,,,,,,,
bin/httpd,gcc,asan_only_write,1,5,0,,182418,,,,9120.88,0.548,,,,5,,,,,,,,
bin/httpd,gcc,asan_only_write,1,9,0,,324489,,,,16224.26,0.555,,,,9,,,,,,,,
bin/httpd,gcc,asan_only_write,1,13,0,,500801,,,,25040.0,0.519,,,,13,,,,,,,,
bin/httpd,gcc,asan_only_write,1,17,0,,737165,,,,36858.19,0.461,,,,17,,,,,,,,
bin/httpd,gcc,asan_only_write,1,21,0,,900305,,,,45015.17,0.467,,,,21,,,,,,,,
bin/httpd,gcc,asan_only_write,1,25,0,,953857,,,,47692.76,0.524,,,,25,,,,,,,,
bin/httpd,gcc,asan_only_write,1,29,19,,959989,,,,47999.42,0.604,,,,29,,,,,,,,
bin/httpd,gcc,asan_only_write,1,31,0,,949048,,,,47452.36,0.653,,,,31,,,,,,,,
bin/httpd,gcc,asan_only_write,1,33,0,,959817,,,,47990.81,0.688,,,,33,,,,,,,,
bin/httpd,gcc,asan_only_write,1,35,0,,986194,,,,49309.68,0.71,,,,35,,,,,,,,
bin/httpd,gcc,native,1,1,0,,28772,,,,1438.59,0.695,,,,1,,,,,,,,
bin/httpd,gcc,native,1,5,0,,166627,,,,8331.31,0.6,,,,5,,,,,,,,
bin/httpd,gcc,native,1,9,0,,325568,,,,16278.34,0.553,,,,9,,,,,,,,
bin/httpd,gcc,native,1,13,0,,529810,,,,26490.42,0.491,,,,13,,,,,,,,
bin/httpd,gcc,native,1,17,0,,696328,,,,34816.4,0.488,,,,17,,,,,,,,
bin/httpd,gcc,native,1,21,0,,859033,,,,42951.45,0.489,,,,21,,,,,,,,
bin/httpd,gcc,native,1,25,0,,854359,,,,42717.86,0.585,,,,25,,,,,,,,
bin/httpd,gcc,native,1,29,0,,871844,,,,43592.17,0.665,,,,29,,,,,,,,
bin/httpd,gcc,native,1,31,0,,879544,,,,43977.13,0.705,,,,31,,,,,,,,
bin/httpd,gcc,native,1,33,0,,899781,,,,44363.93,0.744,,,,33,,,,,,,,
bin/httpd,gcc,native,1,35,0,,911028,,,,45551.36,0.768,,,,35,,,,,,,,
bin/httpd,icc,native,1,1,0,,31324,,,,1566.15,0.639,,,,1,,,,,,,,
bin/httpd,icc,native,1,5,0,,182606,,,,9130.27,0.548,,,,5,,,,,,,,
bin/httpd,icc,native,1,9,0,,357498,,,,17874.86,0.504,,,,9,,,,,,,,
bin/httpd,icc,native,1,13,0,,538001,,,,26900.03,0.483,,,,13,,,,,,,,
bin/httpd,icc,native,1,17,0,,737061,,,,36852.94,0.461,,,,17,,,,,,,,
bin/httpd,icc,native,1,21,0,,921279,,,,46063.83,0.456,,,,21,,,,,,,,
bin/httpd,icc,native,1,25,0,,985496,,,,49274.75,0.507,,,,25,,,,,,,,
bin/httpd,icc,native,1,29,0,,970101,,,,48504.94,0.598,,,,29,,,,,,,,
bin/httpd,icc,native,1,31,0,,1000000,,,,50528.55,0.614,,,,31,,,,,,,,
bin/httpd,icc,native,1,33,0,,1000000,,,,50172.94,0.658,,,,33,,,,,,,,
bin/httpd,icc,native,1,35,0,,984393,,,,49219.57,0.711,,,,35,,,,,,,,
bin/httpd,clang,native,1,1,0,,35171,,,,1758.5,0.569,,,,1,,,,,,,,
bin/httpd,clang,native,1,5,0,,182755,,,,9137.71,0.547,,,,5,,,,,,,,
bin/httpd,clang,native,1,9,0,,344909,,,,17245.31,0.522,,,,9,,,,,,,,
bin/httpd,clang,native,1,13,0,,553083,,,,27654.03,0.47,,,,13,,,,,,,,
bin/httpd,clang,native,1,17,0,,729823,,,,36491.13,0.466,,,,17,,,,,,,,
bin/httpd,clang,native,1,21,0,,955074,,,,47753.59,0.44,,,,21,,,,,,,,
bin/httpd,clang,native,1,25,0,,1000000,,,,50029.47,0.5,,,,25,,,,,,,,
bin/httpd,clang,native,1,29,0,,1000000,,,,50521.71,0.574,,,,29,,,,,,,,
bin/httpd,clang,native,1,31,0,,989611,,,,49480.49,0.627,,,,31,,,,,,,,
bin/httpd,clang,native,1,33,0,,1000000,,,,51234.38,0.644,,,,33,,,,,,,,
bin/httpd,clang,native,1,35,0,,986479,,,,49323.82,0.71,,,,35,,,,,,,,
bin/httpd,gcc,mpx_no_narrow_bounds,1,1,0,,27917,,,,1395.84,0.716,,,,1,,,,,,,,
bin/httpd,gcc,mpx_no_narrow_bounds,1,5,0,,173227,,,,8661.35,0.577,,,,5,,,,,,,,
bin/httpd,gcc,mpx_no_narrow_bounds,1,9,0,,345674,,,,17283.52,0.521,,,,9,,,,,,,,
bin/httpd,gcc,mpx_no_narrow_bounds,1,13,0,,509819,,,,25490.76,0.51,,,,13,,,,,,,,
bin/httpd,gcc,mpx_no_narrow_bounds,1,17,0,,697740,,,,34886.93,0.487,,,,17,,,,,,,,
bin/httpd,gcc,mpx_no_narrow_bounds,1,21,0,,886557,,,,44327.62,0.474,,,,21,,,,,,,,
bin/httpd,gcc,mpx_no_narrow_bounds,1,25,0,,907711,,,,45385.45,0.551,,,,25,,,,,,,,
bin/httpd,gcc,mpx_no_narrow_bounds,1,29,0,,938659,,,,46932.84,0.618,,,,29,,,,,,,,
bin/httpd,gcc,mpx_no_narrow_bounds,1,31,0,,929005,,,,46450.15,0.667,,,,31,,,,,,,,
bin/httpd,gcc,mpx_no_narrow_bounds,1,33,0,,909971,,,,45498.53,0.725,,,,33,,,,,,,,
bin/httpd,gcc,mpx_no_narrow_bounds,1,35,0,,882404,,,,44120.2,0.793,,,,35,,,,,,,,
bin/httpd,gcc,mpx_no_narrow_bounds_only_write,1,1,0,,29975,,,,1498.73,0.667,,,,1,,,,,,,,
bin/httpd,gcc,mpx_no_narrow_bounds_only_write,1,5,0,,182207,,,,9110.27,0.549,,,,5,,,,,,,,
bin/httpd,gcc,mpx_no_narrow_bounds_only_write,1,9,0,,344662,,,,17232.91,0.522,,,,9,,,,,,,,
bin/httpd,gcc,mpx_no_narrow_bounds_only_write,1,13,0,,526671,,,,26333.53,0.494,,,,13,,,,,,,,
bin/httpd,gcc,mpx_no_narrow_bounds_only_write,1,17,0,,744400,,,,37219.97,0.457,,,,17,,,,,,,,
bin/httpd,gcc,mpx_no_narrow_bounds_only_write,1,21,0,,921196,,,,46059.78,0.456,,,,21,,,,,,,,
bin/httpd,gcc,mpx_no_narrow_bounds_only_write,1,25,0,,1000000,,,,50270.72,0.497,,,,25,,,,,,,,
bin/httpd,gcc,mpx_no_narrow_bounds_only_write,1,29,0,,984596,,,,49229.77,0.589,,,,29,,,,,,,,
bin/httpd,gcc,mpx_no_narrow_bounds_only_write,1,31,0,,978628,,,,48931.39,0.634,,,,31,,,,,,,,
bin/httpd,gcc,mpx_no_narrow_bounds_only_write,1,33,20455,,935343,,,,46767.12,0.706,,,,33,,,,,,,,
bin/httpd,gcc,mpx_no_narrow_bounds_only_write,1,35,0,,999431,,,,49971.48,0.7,,,,35,,,,,,,,
bin/httpd,icc,mpx_no_narrow_bounds,1,1,0,,26121,,,,1306.02,0.766,,,,1,,,,,,,,
bin/httpd,icc,mpx_no_narrow_bounds,1,5,0,,166003,,,,8300.11,0.602,,,,5,,,,,,,,
bin/httpd,icc,mpx_no_narrow_bounds,1,9,0,,331366,,,,16568.26,0.543,,,,9,,,,,,,,
bin/httpd,icc,mpx_no_narrow_bounds,1,13,0,,501902,,,,25094.65,0.518,,,,13,,,,,,,,
bin/httpd,icc,mpx_no_narrow_bounds,1,17,0,,684216,,,,34210.79,0.497,,,,17,,,,,,,,
bin/httpd,icc,mpx_no_narrow_bounds,1,21,0,,781074,,,,39053.22,0.538,,,,21,,,,,,,,
bin/httpd,icc,mpx_no_narrow_bounds,1,25,0,,783846,,,,39191.9,0.638,,,,25,,,,,,,,
bin/httpd,icc,mpx_no_narrow_bounds,1,29,0,,823681,,,,41183.97,0.704,,,,29,,,,,,,,
bin/httpd,icc,mpx_no_narrow_bounds,1,31,0,,827336,,,,41366.75,0.749,,,,31,,,,,,,,
bin/httpd,icc,mpx_no_narrow_bounds,1,33,0,,852869,,,,42643.36,0.774,,,,33,,,,,,,,
bin/httpd,icc,mpx_no_narrow_bounds,1,35,0,,807677,,,,40383.54,0.867,,,,35,,,,,,,,
bin/httpd,icc,mpx_no_narrow_bounds_only_write,1,1,0,,31463,,,,1573.13,0.636,,,,1,,,,,,,,
bin/httpd,icc,mpx_no_narrow_bounds_only_write,1,5,0,,185084,,,,9254.17,0.54,,,,5,,,,,,,,
bin/httpd,icc,mpx_no_narrow_bounds_only_write,1,9,0,,331998,,,,16599.6,0.542,,,,9,,,,,,,,
bin/httpd,icc,mpx_no_narrow_bounds_only_write,1,13,0,,517056,,,,25852.73,0.503,,,,13,,,,,,,,
bin/httpd,icc,mpx_no_narrow_bounds_only_write,1,17,0,,713288,,,,35664.16,0.477,,,,17,,,,,,,,
bin/httpd,icc,mpx_no_narrow_bounds_only_write,1,21,0,,805674,,,,40283.6,0.521,,,,21,,,,,,,,
bin/httpd,icc,mpx_no_narrow_bounds_only_write,1,25,0,,887754,,,,44387.7,0.563,,,,25,,,,,,,,
bin/httpd,icc,mpx_no_narrow_bounds_only_write,1,29,0,,899230,,,,44961.49,0.645,,,,29,,,,,,,,
bin/httpd,icc,mpx_no_narrow_bounds_only_write,1,31,0,,884970,,,,44248.03,0.701,,,,31,,,,,,,,
bin/httpd,icc,mpx_no_narrow_bounds_only_write,1,33,0,,894439,,,,44721.86,0.738,,,,33,,,,,,,,
bin/httpd,icc,mpx_no_narrow_bounds_only_write,1,35,0,,888462,,,,44423.09,0.788,,,,35,,,,,,,,
bin/httpd,gcc,asan,1,1,0,,29523,,,,1469.98,0.68,,,,1,,,,,,,,
bin/httpd,gcc,asan,1,5,0,,168404,,,,8420.17,0.594,,,,5,,,,,,,,
bin/httpd,gcc,asan,1,9,0,,342667,,,,17133.34,0.525,,,,9,,,,,,,,
bin/httpd,gcc,asan,1,13,0,,514182,,,,25709.06,0.506,,,,13,,,,,,,,
bin/httpd,gcc,asan,1,17,0,,782692,,,,39134.56,0.434,,,,17,,,,,,,,
bin/httpd,gcc,asan,1,21,0,,926742,,,,46337.09,0.453,,,,21,,,,,,,,
bin/httpd,gcc,asan,1,25,0,,994841,,,,49742.01,0.503,,,,25,,,,,,,,
bin/httpd,gcc,asan,1,29,0,,979187,,,,48959.26,0.592,,,,29,,,,,,,,
bin/httpd,gcc,asan,1,31,0,,948421,,,,47420.99,0.654,,,,31,,,,,,,,
bin/httpd,gcc,asan,1,33,0,,938876,,,,46943.79,0.703,,,,33,,,,,,,,
bin/httpd,gcc,asan,1,35,0,,887920,,,,44395.58,0.788,,,,35,,,,,,,,
bin/httpd,clang,asan,1,1,0,,35831,,,,1791.55,0.558,,,,1,,,,,,,,
bin/httpd,clang,asan,1,5,0,,171069,,,,8553.44,0.585,,,,5,,,,,,,,
bin/httpd,clang,asan,1,9,0,,343916,,,,17195.78,0.523,,,,9,,,,,,,,
bin/httpd,clang,asan,1,13,0,,517877,,,,25893.84,0.502,,,,13,,,,,,,,
bin/httpd,clang,asan,1,17,0,,778025,,,,38901.2,0.437,,,,17,,,,,,,,
bin/httpd,clang,asan,1,21,0,,941064,,,,47053.09,0.446,,,,21,,,,,,,,
bin/httpd,clang,asan,1,25,0,,974136,,,,48706.76,0.513,,,,25,,,,,,,,
bin/httpd,clang,asan,1,29,0,,947205,,,,47358.19,0.612,,,,29,,,,,,,,
bin/httpd,clang,asan,1,31,0,,970630,,,,48531.19,0.639,,,,31,,,,,,,,
bin/httpd,clang,asan,1,33,0,,933518,,,,46675.88,0.707,,,,33,,,,,,,,
bin/httpd,clang,asan,1,35,0,,925982,,,,46299.0,0.756,,,,35,,,,,,,,
bin/httpd,gcc,asan_only_write,1,1,0,,33729,,,,1686.44,0.593,,,,1,,,,,,,,
bin/httpd,gcc,asan_only_write,1,5,0,,176152,,,,8807.48,0.568,,,,5,,,,,,,,
bin/httpd,gcc,asan_only_write,1,9,0,,341300,,,,17064.78,0.527,,,,9,,,,,,,,
bin/httpd,gcc,asan_only_write,1,13,0,,508956,,,,25447.74,0.511,,,,13,,,,,,,,
bin/httpd,gcc,asan_only_write,1,17,0,,772633,,,,38631.59,0.44,,,,17,,,,,,,,
bin/httpd,gcc,asan_only_write,1,21,0,,863543,,,,43177.09,0.486,,,,21,,,,,,,,
bin/httpd,gcc,asan_only_write,1,25,2,,942024,,,,47101.1,0.531,,,,25,,,,,,,,
bin/httpd,gcc,asan_only_write,1,29,0,,930971,,,,46548.54,0.623,,,,29,,,,,,,,
bin/httpd,gcc,asan_only_write,1,31,22,,929091,,,,46454.41,0.667,,,,31,,,,,,,,
bin/httpd,gcc,asan_only_write,1,33,0,,955665,,,,47782.67,0.691,,,,33,,,,,,,,
bin/httpd,gcc,asan_only_write,1,35,12,,958067,,,,47903.33,0.731,,,,35,,,,,,,,
bin/httpd,gcc,native,1,1,0,,38450,,,,1922.45,0.52,,,,1,,,,,,,,
bin/httpd,gcc,native,1,5,0,,165888,,,,8294.27,0.603,,,,5,,,,,,,,
bin/httpd,gcc,native,1,9,0,,334333,,,,16716.51,0.538,,,,9,,,,,,,,
bin/httpd,gcc,native,1,13,0,,577536,,,,28876.48,0.45,,,,13,,,,,,,,
bin/httpd,gcc,native,1,17,0,,761594,,,,38079.64,0.446,,,,17,,,,,,,,
bin/httpd,gcc,native,1,21,0,,892034,,,,44601.64,0.471,,,,21,,,,,,,,
bin/httpd,gcc,native,1,25,0,,950064,,,,47503.11,0.526,,,,25,,,,,,,,
bin/httpd,gcc,native,1,29,0,,946433,,,,47321.6,0.613,,,,29,,,,,,,,
bin/httpd,gcc,native,1,31,0,,943615,,,,47180.74,0.657,,,,31,,,,,,,,
bin/httpd,gcc,native,1,33,0,,918395,,,,45919.65,0.719,,,,33,,,,,,,,
bin/httpd,gcc,native,1,35,0,,975829,,,,48791.41,0.717,,,,35,,,,,,,,
bin/httpd,icc,native,1,1,0,,35058,,,,1752.9,0.57,,,,1,,,,,,,,
bin/httpd,icc,native,1,5,0,,172090,,,,8604.46,0.581,,,,5,,,,,,,,
bin/httpd,icc,native,1,9,0,,330062,,,,16502.97,0.545,,,,9,,,,,,,,
bin/httpd,icc,native,1,13,0,,564635,,,,28231.71,0.46,,,,13,,,,,,,,
bin/httpd,icc,native,1,17,0,,756936,,,,37846.72,0.449,,,,17,,,,,,,,
bin/httpd,icc,native,1,21,0,,995317,,,,49765.84,0.422,,,,21,,,,,,,,
bin/httpd,icc,native,1,25,0,,1000000,,,,50806.33,0.492,,,,25,,,,,,,,
bin/httpd,icc,native,1,29,0,,1000000,,,,50038.46,0.58,,,,29,,,,,,,,
bin/httpd,icc,native,1,31,0,,997223,,,,49861.07,0.622,,,,31,,,,,,,,
bin/httpd,icc,native,1,33,0,,1000000,,,,50521.16,0.653,,,,33,,,,,,,,
bin/httpd,icc,native,1,35,0,,991460,,,,49572.89,0.706,,,,35,,,,,,,,
bin/httpd,clang,native,1,1,0,,35163,,,,1758.13,0.569,,,,1,,,,,,,,
bin/httpd,clang,native,1,5,0,,180710,,,,9035.48,0.553,,,,5,,,,,,,,
bin/httpd,clang,native,1,9,0,,346933,,,,17346.57,0.519,,,,9,,,,,,,,
bin/httpd,clang,native,1,13,0,,581933,,,,29096.56,0.447,,,,13,,,,,,,,
bin/httpd,clang,native,1,17,0,,831428,,,,41571.1,0.409,,,,17,,,,,,,,
bin/httpd,clang,native,1,21,0,,910217,,,,45510.74,0.461,,,,21,,,,,,,,
bin/httpd,clang,native,1,25,0,,1000000,,,,51791.74,0.483,,,,25,,,,,,,,
bin/httpd,clang,native,1,29,0,,1000000,,,,50122.38,0.579,,,,29,,,,,,,,
bin/httpd,clang,native,1,31,0,,1000000,,,,51582.35,0.601,,,,31,,,,,,,,
bin/httpd,clang,native,1,33,0,,1000000,,,,52018.36,0.634,,,,33,,,,,,,,
bin/httpd,clang,native,1,35,0,,1000000,,,,51397.78,0.681,,,,35,,,,,,,,
bin/httpd,gcc,mpx_no_narrow_bounds,1,1,0,,26742,,,,1337.09,0.748,,,,1,,,,,,,,
bin/httpd,gcc,mpx_no_narrow_bounds,1,5,0,,142107,,,,7105.34,0.704,,,,5,,,,,,,,
bin/httpd,gcc,mpx_no_narrow_bounds,1,9,0,,330555,,,,16527.71,0.545,,,,9,,,,,,,,
bin/httpd,gcc,mpx_no_narrow_bounds,1,13,0,,490898,,,,24544.84,0.53,,,,13,,,,,,,,
bin/httpd,gcc,mpx_no_narrow_bounds,1,17,0,,711693,,,,35584.65,0.478,,,,17,,,,,,,,
bin/httpd,gcc,mpx_no_narrow_bounds,1,21,0,,820870,,,,41043.41,0.512,,,,21,,,,,,,,
bin/httpd,gcc,mpx_no_narrow_bounds,1,25,0,,841073,,,,42053.56,0.594,,,,25,,,,,,,,
bin/httpd,gcc,mpx_no_narrow_bounds,1,29,0,,825534,,,,41276.66,0.703,,,,29,,,,,,,,
bin/httpd,gcc,mpx_no_narrow_bounds,1,31,0,,840969,,,,42048.44,0.737,,,,31,,,,,,,,
bin/httpd,gcc,mpx_no_narrow_bounds,1,33,0,,854072,,,,42703.6,0.773,,,,33,,,,,,,,
bin/httpd,gcc,mpx_no_narrow_bounds,1,35,0,,843618,,,,42180.89,0.83,,,,35,,,,,,,,
bin/httpd,gcc,mpx_no_narrow_bounds_only_write,1,1,0,,33182,,,,1659.06,0.603,,,,1,,,,,,,,
bin/httpd,gcc,mpx_no_narrow_bounds_only_write,1,5,0,,167146,,,,8357.2,0.598,,,,5,,,,,,,,
bin/httpd,gcc,mpx_no_narrow_bounds_only_write,1,9,0,,330121,,,,16506.05,0.545,,,,9,,,,,,,,
bin/httpd,gcc,mpx_no_narrow_bounds_only_write,1,13,0,,520250,,,,26012.2,0.5,,,,13,,,,,,,,
bin/httpd,gcc,mpx_no_narrow_bounds_only_write,1,17,0,,766523,,,,38326.11,0.444,,,,17,,,,,,,,
bin/httpd,gcc,mpx_no_narrow_bounds_only_write,1,21,0,,885966,,,,44298.29,0.474,,,,21,,,,,,,,
bin/httpd,gcc,mpx_no_narrow_bounds_only_write,1,25,0,,940575,,,,47028.68,0.532,,,,25,,,,,,,,
bin/httpd,gcc,mpx_no_narrow_bounds_only_write,1,29,0,,938520,,,,46925.7,0.618,,,,29,,,,,,,,
bin/httpd,gcc,mpx_no_narrow_bounds_only_write,1,31,0,,937458,,,,46872.64,0.661,,,,31,,,,,,,,
bin/httpd,gcc,mpx_no_narrow_bounds_only_write,1,33,0,,907086,,,,45354.28,0.728,,,,33,,,,,,,,
bin/httpd,gcc,mpx_no_narrow_bounds_only_write,1,35,0,,960062,,,,48002.99,0.729,,,,35,,,,,,,,
bin/httpd,icc,mpx_no_narrow_bounds,1,1,0,,31253,,,,1562.61,0.64,,,,1,,,,,,,,
bin/httpd,icc,mpx_no_narrow_bounds,1,5,0,,164987,,,,8249.31,0.606,,,,5,,,,,,,,
bin/httpd,icc,mpx_no_narrow_bounds,1,9,0,,329299,,,,16464.94,0.547,,,,9,,,,,,,,
bin/httpd,icc,mpx_no_narrow_bounds,1,13,0,,526241,,,,26312.0,0.494,,,,13,,,,,,,,
bin/httpd,icc,mpx_no_narrow_bounds,1,17,0,,751101,,,,37554.96,0.453,,,,17,,,,,,,,
bin/httpd,icc,mpx_no_narrow_bounds,1,21,0,,957698,,,,47884.84,0.439,,,,21,,,,,,,,
bin/httpd,icc,mpx_no_narrow_bounds,1,25,0,,990556,,,,49527.69,0.505,,,,25,,,,,,,,
bin/httpd,icc,mpx_no_narrow_bounds,1,29,0,,954364,,,,47718.19,0.608,,,,29,,,,,,,,
bin/httpd,icc,mpx_no_narrow_bounds,1,31,0,,929814,,,,46490.62,0.667,,,,31,,,,,,,,
bin/httpd,icc,mpx_no_narrow_bounds,1,33,0,,893083,,,,44654.14,0.739,,,,33,,,,,,,,
bin/httpd,icc,mpx_no_narrow_bounds,1,35,0,,929065,,,,46453.16,0.753,,,,35,,,,,,,,
bin/httpd,icc,mpx_no_narrow_bounds_only_write,1,1,0,,33614,,,,1680.67,0.595,,,,1,,,,,,,,
bin/httpd,icc,mpx_no_narrow_bounds_only_write,1,5,0,,170761,,,,8538.03,0.586,,,,5,,,,,,,,
bin/httpd,icc,mpx_no_narrow_bounds_only_write,1,9,0,,327078,,,,16353.84,0.55,,,,9,,,,,,,,
bin/httpd,icc,mpx_no_narrow_bounds_only_write,1,13,0,,560599,,,,28029.9,0.464,,,,13,,,,,,,,
bin/httpd,icc,mpx_no_narrow_bounds_only_write,1,17,0,,732515,,,,36625.75,0.464,,,,17,,,,,,,,
bin/httpd,icc,mpx_no_narrow_bounds_only_write,1,21,0,,912992,,,,45649.52,0.46,,,,21,,,,,,,,
bin/httpd,icc,mpx_no_narrow_bounds_only_write,1,25,0,,931516,,,,46575.79,0.537,,,,25,,,,,,,,
bin/httpd,icc,mpx_no_narrow_bounds_only_write,1,29,0,,917444,,,,45872.16,0.632,,,,29,,,,,,,,
bin/httpd,icc,mpx_no_narrow_bounds_only_write,1,31,0,,980707,,,,49035.24,0.632,,,,31,,,,,,,,
bin/httpd,icc,mpx_no_narrow_bounds_only_write,1,33,0,,947295,,,,47364.64,0.697,,,,33,,,,,,,,
bin/httpd,icc,mpx_no_narrow_bounds_only_write,1,35,0,,907501,,,,45375.05,0.771,,,,35,,,,,,,,
bin/httpd,gcc,asan,1,1,0,,28651,,,,1432.54,0.698,,,,1,,,,,,,,
bin/httpd,gcc,asan,1,5,0,,173695,,,,8684.68,0.576,,,,5,,,,,,,,
bin/httpd,gcc,asan,1,9,0,,343041,,,,17151.99,0.525,,,,9,,,,,,,,
bin/httpd,gcc,asan,1,13,0,,586566,,,,29328.23,0.443,,,,13,,,,,,,,
bin/httpd,gcc,asan,1,17,0,,783583,,,,39179.15,0.434,,,,17,,,,,,,,
bin/httpd,gcc,asan,1,21,0,,915564,,,,45778.19,0.459,,,,21,,,,,,,,
bin/httpd,gcc,asan,1,25,0,,963188,,,,48159.33,0.519,,,,25,,,,,,,,
bin/httpd,gcc,asan,1,29,0,,980393,,,,49018.18,0.592,,,,29,,,,,,,,
bin/httpd,gcc,asan,1,31,0,,962354,,,,48117.69,0.644,,,,31,,,,,,,,
bin/httpd,gcc,asan,1,33,0,,939556,,,,46977.79,0.702,,,,33,,,,,,,,
bin/httpd,gcc,asan,1,35,0,,912020,,,,45600.97,0.768,,,,35,,,,,,,,
bin/httpd,clang,asan,1,1,0,,30019,,,,1500.95,0.666,,,,1,,,,,,,,
bin/httpd,clang,asan,1,5,0,,169446,,,,8472.18,0.59,,,,5,,,,,,,,
bin/httpd,clang,asan,1,9,0,,334813,,,,16740.62,0.538,,,,9,,,,,,,,
bin/httpd,clang,asan,1,13,0,,518287,,,,25913.94,0.502,,,,13,,,,,,,,
bin/httpd,clang,asan,1,17,0,,760111,,,,38005.51,0.447,,,,17,,,,,,,,
bin/httpd,clang,asan,1,21,0,,950375,,,,47518.72,0.442,,,,21,,,,,,,,
bin/httpd,clang,asan,1,25,0,,983988,,,,49199.4,0.508,,,,25,,,,,,,,
bin/httpd,clang,asan,1,29,40,,942593,,,,47129.62,0.615,,,,29,,,,,,,,
bin/httpd,clang,asan,1,31,0,,935946,,,,46797.27,0.662,,,,31,,,,,,,,
bin/httpd,clang,asan,1,33,0,,931852,,,,46592.52,0.708,,,,33,,,,,,,,
bin/httpd,clang,asan,1,35,0,,921367,,,,46068.32,0.76,,,,35,,,,,,,,
bin/httpd,gcc,asan_only_write,1,1,0,,31950,,,,1597.47,0.626,,,,1,,,,,,,,
bin/httpd,gcc,asan_only_write,1,5,0,,165876,,,,8293.77,0.603,,,,5,,,,,,,,
bin/httpd,gcc,asan_only_write,1,9,0,,340330,,,,17016.38,0.529,,,,9,,,,,,,,
bin/httpd,gcc,asan_only_write,1,13,0,,553620,,,,27680.72,0.47,,,,13,,,,,,,,
bin/httpd,gcc,asan_only_write,1,17,0,,780922,,,,39046.08,0.435,,,,17,,,,,,,,
bin/httpd,gcc,asan_only_write,1,21,0,,834346,,,,41717.27,0.503,,,,21,,,,,,,,
bin/httpd,gcc,asan_only_write,1,25,0,,941422,,,,47071.04,0.531,,,,25,,,,,,,,
bin/httpd,gcc,asan_only_write,1,29,0,,941160,,,,47057.77,0.616,,,,29,,,,,,,,
bin/httpd,gcc,asan_only_write,1,31,0,,934217,,,,46710.77,0.664,,,,31,,,,,,,,
bin/httpd,gcc,asan_only_write,1,33,0,,961631,,,,48081.24,0.686,,,,33,,,,,,,,
bin/httpd,gcc,asan_only_write,1,35,0,,962622,,,,48131.01,0.727,,,,35,,,,,,,,
bin/httpd,gcc,native,1,1,0,,36870,,,,1843.46,0.542,,,,1,,,,,,,,
bin/httpd,gcc,native,1,5,0,,171604,,,,8580.11,0.583,,,,5,,,,,,,,
bin/httpd,gcc,native,1,9,0,,339228,,,,16961.35,0.531,,,,9,,,,,,,,
bin/httpd,gcc,native,1,13,0,,600864,,,,30042.78,0.433,,,,13,,,,,,,,
bin/httpd,gcc,native,1,17,0,,800167,,,,40008.09,0.425,,,,17,,,,,,,,
bin/httpd,gcc,native,1,21,0,,986534,,,,49326.68,0.426,,,,21,,,,,,,,
bin/httpd,gcc,native,1,25,0,,991059,,,,49552.88,0.505,,,,25,,,,,,,,
bin/httpd,gcc,native,1,29,0,,973119,,,,48655.52,0.596,,,,29,,,,,,,,
bin/httpd,gcc,native,1,31,0,,975565,,,,48778.17,0.636,,,,31,,,,,,,,
bin/httpd,gcc,native,1,33,0,,965392,,,,48269.54,0.684,,,,33,,,,,,,,
bin/httpd,gcc,native,1,35,0,,1000000,,,,50163.7,0.698,,,,35,,,,,,,,
bin/httpd,icc,native,1,1,0,,31762,,,,1588.07,0.63,,,,1,,,,,,,,
bin/httpd,icc,native,1,5,0,,158179,,,,7908.84,0.632,,,,5,,,,,,,,
bin/httpd,icc,native,1,9,0,,344297,,,,17214.84,0.523,,,,9,,,,,,,,
bin/httpd,icc,native,1,13,0,,560462,,,,28023.07,0.464,,,,13,,,,,,,,
bin/httpd,icc,native,1,17,0,,730200,,,,36509.93,0.466,,,,17,,,,,,,,
bin/httpd,icc,native,1,21,0,,864060,,,,43202.62,0.486,,,,21,,,,,,,,
bin/httpd,icc,native,1,25,3,,894233,,,,44711.34,0.559,,,,25,,,,,,,,
bin/httpd,icc,native,1,29,0,,878624,,,,43929.38,0.66,,,,29,,,,,,,,
bin/httpd,icc,native,1,31,0,,877123,,,,43856.1,0.707,,,,31,,,,,,,,
bin/httpd,icc,native,1,33,0,,909141,,,,45457.03,0.726,,,,33,,,,,,,,
bin/httpd,icc,native,1,35,0,,897758,,,,44887.88,0.78,,,,35,,,,,,,,
bin/httpd,clang,native,1,1,0,,30997,,,,1549.84,0.645,,,,1,,,,,,,,
bin/httpd,clang,native,1,5,0,,159349,,,,7967.21,0.628,,,,5,,,,,,,,
bin/httpd,clang,native,1,9,0,,342323,,,,17116.14,0.526,,,,9,,,,,,,,
bin/httpd,clang,native,1,13,0,,548429,,,,27421.35,0.474,,,,13,,,,,,,,
bin/httpd,clang,native,1,17,0,,636112,,,,31805.53,0.534,,,,17,,,,,,,,
bin/httpd,clang,native,1,21,0,,803868,,,,40193.39,0.522,,,,21,,,,,,,,
bin/httpd,clang,native,1,25,0,,824438,,,,41221.9,0.606,,,,25,,,,,,,,
bin/httpd,clang,native,1,29,0,,805376,,,,40268.72,0.72,,,,29,,,,,,,,
bin/httpd,clang,native,1,31,0,,847734,,,,42386.69,0.731,,,,31,,,,,,,,
bin/httpd,clang,native,1,33,0,,837278,,,,41863.46,0.788,,,,33,,,,,,,,
bin/httpd,clang,native,1,35,0,,821881,,,,41093.97,0.852,,,,35,,,,,,,,
bin/httpd,gcc,mpx_no_narrow_bounds,1,1,0,,31435,,,,1571.73,0.636,,,,1,,,,,,,,
bin/httpd,gcc,mpx_no_narrow_bounds,1,5,0,,164177,,,,8208.85,0.609,,,,5,,,,,,,,
bin/httpd,gcc,mpx_no_narrow_bounds,1,9,0,,313253,,,,15662.65,0.575,,,,9,,,,,,,,
bin/httpd,gcc,mpx_no_narrow_bounds,1,13,0,,564090,,,,28204.3,0.461,,,,13,,,,,,,,
bin/httpd,gcc,mpx_no_narrow_bounds,1,17,0,,740034,,,,37001.63,0.459,,,,17,,,,,,,,
bin/httpd,gcc,mpx_no_narrow_bounds,1,21,0,,907757,,,,45387.84,0.463,,,,21,,,,,,,,
bin/httpd,gcc,mpx_no_narrow_bounds,1,25,0,,942746,,,,47137.28,0.53,,,,25,,,,,,,,
bin/httpd,gcc,mpx_no_narrow_bounds,1,29,0,,893088,,,,44654.29,0.649,,,,29,,,,,,,,
bin/httpd,gcc,mpx_no_narrow_bounds,1,31,0,,869282,,,,43464.04,0.713,,,,31,,,,,,,,
bin/httpd,gcc,mpx_no_narrow_bounds,1,33,0,,864755,,,,43237.72,0.763,,,,33,,,,,,,,
bin/httpd,gcc,mpx_no_narrow_bounds,1,35,0,,864148,,,,43207.35,0.81,,,,35,,,,,,,,
bin/httpd,gcc,mpx_no_narrow_bounds_only_write,1,1,0,,35492,,,,1774.56,0.564,,,,1,,,,,,,,
bin/httpd,gcc,mpx_no_narrow_bounds_only_write,1,5,0,,183044,,,,9152.08,0.546,,,,5,,,,,,,,
bin/httpd,gcc,mpx_no_narrow_bounds_only_write,1,9,0,,321601,,,,16079.95,0.56,,,,9,,,,,,,,
bin/httpd,gcc,mpx_no_narrow_bounds_only_write,1,13,0,,512425,,,,25621.25,0.507,,,,13,,,,,,,,
bin/httpd,gcc,mpx_no_narrow_bounds_only_write,1,17,0,,673172,,,,33658.28,0.505,,,,17,,,,,,,,
bin/httpd,gcc,mpx_no_narrow_bounds_only_write,1,21,0,,773299,,,,38664.59,0.543,,,,21,,,,,,,,
bin/httpd,gcc,mpx_no_narrow_bounds_only_write,1,25,0,,845645,,,,42282.16,0.591,,,,25,,,,,,,,
bin/httpd,gcc,mpx_no_narrow_bounds_only_write,1,29,0,,846521,,,,42325.8,0.685,,,,29,,,,,,,,
bin/httpd,gcc,mpx_no_narrow_bounds_only_write,1,31,0,,925891,,,,46294.2,0.67,,,,31,,,,,,,,
bin/httpd,gcc,mpx_no_narrow_bounds_only_write,1,33,0,,907825,,,,45391.17,0.727,,,,33,,,,,,,,
bin/httpd,gcc,mpx_no_narrow_bounds_only_write,1,35,0,,948402,,,,47420.1,0.738,,,,35,,,,,,,,
bin/httpd,icc,mpx_no_narrow_bounds,1,1,0,,32255,,,,1612.74,0.62,,,,1,,,,,,,,
bin/httpd,icc,mpx_no_narrow_bounds,1,5,0,,176125,,,,8806.21,0.568,,,,5,,,,,,,,
bin/httpd,icc,mpx_no_narrow_bounds,1,9,0,,334540,,,,16726.93,0.538,,,,9,,,,,,,,
bin/httpd,icc,mpx_no_narrow_bounds,1,13,0,,544934,,,,27246.68,0.477,,,,13,,,,,,,,
bin/httpd,icc,mpx_no_narrow_bounds,1,17,0,,711741,,,,35587.02,0.478,,,,17,,,,,,,,
bin/httpd,icc,mpx_no_narrow_bounds,1,21,0,,931203,,,,46560.09,0.451,,,,21,,,,,,,,
bin/httpd,icc,mpx_no_narrow_bounds,1,25,0,,999335,,,,49966.62,0.5,,,,25,,,,,,,,
bin/httpd,icc,mpx_no_narrow_bounds,1,29,0,,965891,,,,48294.47,0.6,,,,29,,,,,,,,
bin/httpd,icc,mpx_no_narrow_bounds,1,31,0,,954395,,,,47719.7,0.65,,,,31,,,,,,,,
bin/httpd,icc,mpx_no_narrow_bounds,1,33,0,,930268,,,,46513.39,0.709,,,,33,,,,,,,,
bin/httpd,icc,mpx_no_narrow_bounds,1,35,0,,924920,,,,46245.98,0.757,,,,35,,,,,,,,
bin/httpd,icc,mpx_no_narrow_bounds_only_write,1,1,0,,30591,,,,1529.54,0.654,,,,1,,,,,,,,
bin/httpd,icc,mpx_no_narrow_bounds_only_write,1,5,0,,170673,,,,8533.63,0.586,,,,5,,,,,,,,
bin/httpd,icc,mpx_no_narrow_bounds_only_write,1,9,0,,332247,,,,16612.35,0.542,,,,9,,,,,,,,
bin/httpd,icc,mpx_no_narrow_bounds_only_write,1,13,0,,503196,,,,25159.75,0.517,,,,13,,,,,,,,
bin/httpd,icc,mpx_no_narrow_bounds_only_write,1,17,0,,736440,,,,36821.99,0.462,,,,17,,,,,,,,
bin/httpd,icc,mpx_no_narrow_bounds_only_write,1,21,0,,865067,,,,43253.32,0.486,,,,21,,,,,,,,
bin/httpd,icc,mpx_no_narrow_bounds_only_write,1,25,0,,916548,,,,45827.28,0.546,,,,25,,,,,,,,
bin/httpd,icc,mpx_no_narrow_bounds_only_write,1,29,0,,920629,,,,46031.33,0.63,,,,29,,,,,,,,
bin/httpd,icc,mpx_no_narrow_bounds_only_write,1,31,0,,940934,,,,47046.62,0.659,,,,31,,,,,,,,
bin/httpd,icc,mpx_no_narrow_bounds_only_write,1,33,0,,918242,,,,45911.98,0.719,,,,33,,,,,,,,
bin/httpd,icc,mpx_no_narrow_bounds_only_write,1,35,0,,943759,,,,47187.63,0.742,,,,35,,,,,,,,
bin/httpd,gcc,asan,1,1,0,,26315,,,,1315.74,0.76,,,,1,,,,,,,,
bin/httpd,gcc,asan,1,5,0,,140706,,,,7035.21,0.711,,,,5,,,,,,,,
bin/httpd,gcc,asan,1,9,0,,346065,,,,17303.25,0.52,,,,9,,,,,,,,
bin/httpd,gcc,asan,1,13,0,,505385,,,,25269.19,0.514,,,,13,,,,,,,,
bin/httpd,gcc,asan,1,17,0,,763259,,,,38162.53,0.445,,,,17,,,,,,,,
bin/httpd,gcc,asan,1,21,0,,810806,,,,40540.22,0.518,,,,21,,,,,,,,
bin/httpd,gcc,asan,1,25,0,,846226,,,,42311.24,0.591,,,,25,,,,,,,,
bin/httpd,gcc,asan,1,29,0,,875813,,,,43790.6,0.662,,,,29,,,,,,,,
bin/httpd,gcc,asan,1,31,0,,870299,,,,43514.95,0.712,,,,31,,,,,,,,
bin/httpd,gcc,asan,1,33,0,,850398,,,,42519.81,0.776,,,,33,,,,,,,,
bin/httpd,gcc,asan,1,35,0,,886483,,,,44324.13,0.79,,,,35,,,,,,,,
bin/httpd,clang,asan,1,1,0,,30022,,,,1501.07,0.666,,,,1,,,,,,,,
bin/httpd,clang,asan,1,5,0,,175067,,,,8753.21,0.571,,,,5,,,,,,,,
bin/httpd,clang,asan,1,9,0,,338336,,,,16916.69,0.532,,,,9,,,,,,,,
bin/httpd,clang,asan,1,13,0,,583225,,,,29161.23,0.446,,,,13,,,,,,,,
bin/httpd,clang,asan,1,17,0,,696610,,,,34830.48,0.488,,,,17,,,,,,,,
bin/httpd,clang,asan,1,21,0,,954900,,,,47744.92,0.44,,,,21,,,,,,,,
bin/httpd,clang,asan,1,25,0,,986221,,,,49311.01,0.507,,,,25,,,,,,,,
bin/httpd,clang,asan,1,29,0,,961713,,,,48051.54,0.604,,,,29,,,,,,,,
bin/httpd,clang,asan,1,31,8,,937122,,,,46856.03,0.662,,,,31,,,,,,,,
bin/httpd,clang,asan,1,33,0,,941062,,,,47052.94,0.701,,,,33,,,,,,,,
bin/httpd,clang,asan,1,35,0,,928181,,,,46408.96,0.754,,,,35,,,,,,,,
bin/httpd,gcc,asan_only_write,1,1,0,,26757,,,,1337.8,0.747,,,,1,,,,,,,,
bin/httpd,gcc,asan_only_write,1,5,0,,157681,,,,7884.0,0.634,,,,5,,,,,,,,
bin/httpd,gcc,asan_only_write,1,9,0,,347735,,,,17386.58,0.518,,,,9,,,,,,,,
bin/httpd,gcc,asan_only_write,1,13,0,,533410,,,,26670.33,0.487,,,,13,,,,,,,,
bin/httpd,gcc,asan_only_write,1,17,0,,696802,,,,34840.1,0.488,,,,17,,,,,,,,
bin/httpd,gcc,asan_only_write,1,21,0,,878631,,,,43931.53,0.478,,,,21,,,,,,,,
bin/httpd,gcc,asan_only_write,1,25,0,,860840,,,,43041.95,0.581,,,,25,,,,,,,,
bin/httpd,gcc,asan_only_write,1,29,0,,847250,,,,42362.44,0.685,,,,29,,,,,,,,
bin/httpd,gcc,asan_only_write,1,31,78,,889242,,,,44461.55,0.697,,,,31,,,,,,,,
bin/httpd,gcc,asan_only_write,1,33,0,,880285,,,,44014.23,0.75,,,,33,,,,,,,,
bin/httpd,gcc,asan_only_write,1,35,0,,868101,,,,43405.03,0.806,,,,35,,,,,,,,
