"compiler","type","time","bndpreserve","name"
"gcc","mpx",1,0,"parsec"
"icc","mpx",4,0,"parsec"
"gcc","mpx_first_field",3,0,"parsec"
"gcc","mpx_no_narrow_bounds",0,0,"parsec"
"icc","mpx_no_narrow_bounds",1,0,"parsec"
"gcc","mpx_no_narrow_bounds_only_write",0,0,"parsec"
"icc","mpx_no_narrow_bounds_only_write",0,0,"parsec"
"gcc","mpx_only_write",1,0,"parsec"
"icc","mpx_only_write",3,0,"parsec"
"gcc","native",0,0,"parsec"
"icc","native",0,0,"parsec"
"icc","mpx",12,1,"parsec"
"gcc","mpx_first_field",12,1,"parsec"
"gcc","mpx",0,0,"phoenix"
"icc","mpx",0,0,"phoenix"
"gcc","mpx_first_field",0,0,"phoenix"
"gcc","mpx_no_narrow_bounds",0,0,"phoenix"
"icc","mpx_no_narrow_bounds",0,0,"phoenix"
"gcc","mpx_no_narrow_bounds_only_write",0,0,"phoenix"
"icc","mpx_no_narrow_bounds_only_write",0,0,"phoenix"
"gcc","mpx_only_write",0,0,"phoenix"
"icc","mpx_only_write",0,0,"phoenix"
"gcc","native",0,0,"phoenix"
"icc","native",0,0,"phoenix"
"icc","mpx",0,1,"phoenix"
"gcc","mpx_first_field",5,1,"phoenix"
"gcc","mpx",5,0,"spec"
"icc","mpx",5,0,"spec"
"gcc","mpx_first_field",5,0,"spec"
"gcc","mpx_no_narrow_bounds",2,0,"spec"
"icc","mpx_no_narrow_bounds",6,0,"spec"
"gcc","mpx_no_narrow_bounds_only_write",3,0,"spec"
"icc","mpx_no_narrow_bounds_only_write",5,0,"spec"
"gcc","mpx_only_write",5,0,"spec"
"icc","mpx_only_write",4,0,"spec"
"gcc","native",0,0,"spec"
"icc","native",0,0,"spec"
"icc","mpx",17,1,"spec"
"gcc","mpx_first_field",17,1,"spec"
